Date_Time_AMPM,Faixa1_Lotação,Faixa1_Fluxo,Faixa2_Lotação,Faixa2_Fluxo,Faixa3_Lotação,Faixa3_Fluxo
03/14/2003 00:00:00,0.01,14,0.0186,27,0.0137,17
03/14/2003 00:05:00,0.0133,18,0.025,39,0.0187,25
03/14/2003 00:10:00,0.0088,12,0.018,30,0.0095,11
03/14/2003 00:15:00,0.0115,16,0.0203,33,0.0217,19
03/14/2003 00:20:00,0.0069,8,0.0178,25,0.0123,13
03/14/2003 00:25:00,0.0077,11,0.0151,24,0.0092,13
03/14/2003 00:30:00,0.0049,7,0.0153,22,0.0192,19
03/14/2003 00:35:00,0.007,10,0.0194,33,0.0156,17
03/14/2003 00:40:00,0.0082,12,0.0146,26,0.0166,13
03/14/2003 00:45:00,0.0074,11,0.0207,30,0.018,14
03/14/2003 00:50:00,0.0071,10,0.0135,22,0.0074,11
03/14/2003 00:55:00,0.0069,10,0.012,17,0.0147,12
03/14/2003 01:00:00,0.0011,2,0.0078,13,0.0118,10
03/14/2003 01:05:00,0.0038,5,0.0116,18,0.0202,11
03/14/2003 01:10:00,0.0063,8,0.0115,15,0.0214,17
03/14/2003 01:15:00,0.0034,5,0.0137,20,0.0153,13
03/14/2003 01:20:00,0.0043,5,0.0094,16,0.019,18
03/14/2003 01:25:00,0.0038,5,0.0111,18,0.0131,13
03/14/2003 01:30:00,0.0017,2,0.0121,18,0.0156,14
03/14/2003 01:35:00,0.0018,3,0.0102,17,0.0269,18
03/14/2003 01:40:00,0.0058,8,0.0131,19,0.0119,11
03/14/2003 01:45:00,0.0016,2,0.0082,11,0.0095,12
03/14/2003 01:50:00,0.003,3,0.0075,12,0.0174,18
03/14/2003 01:55:00,0.0024,4,0.0094,17,0.0069,8
03/14/2003 02:00:00,0.0014,2,0.017,17,0.0232,13
03/14/2003 02:05:00,0.004,5,0.0079,11,0.0117,12
03/14/2003 02:10:00,0,0,0.0072,12,0.0142,10
03/14/2003 02:15:00,0.0016,2,0.011,15,0.0123,10
03/14/2003 02:20:00,0.0013,2,0.0027,5,0.0077,8
03/14/2003 02:25:00,0.0013,2,0.0049,9,0.0103,12
03/14/2003 02:30:00,0.018,8,0.0187,14,0.0321,23
03/14/2003 02:35:00,0,0,0.0074,10,0.0162,10
03/14/2003 02:40:00,0.0024,4,0.0107,16,0.0151,8
03/14/2003 02:45:00,0.0037,4,0.0037,6,0.0108,12
03/14/2003 02:50:00,0.0042,6,0.0165,17,0.0065,7
03/14/2003 02:55:00,0.0024,3,0.0068,11,0.0068,7
03/14/2003 03:00:00,0.0012,2,0.0087,15,0.0117,10
03/14/2003 03:05:00,0.002,3,0.0085,10,0.0164,9
03/14/2003 03:10:00,0.0028,4,0.0069,9,0.0147,12
03/14/2003 03:15:00,0.0034,4,0.0052,7,0.0196,9
03/14/2003 03:20:00,0.0016,2,0.0069,12,0.0066,6
03/14/2003 03:25:00,0.0007,1,0.0046,8,0.0124,8
03/14/2003 03:30:00,0.0021,3,0.004,6,0.0119,9
03/14/2003 03:35:00,0.0023,3,0.0129,17,0.0085,7
03/14/2003 03:40:00,0.0016,2,0.0056,7,0.0094,7
03/14/2003 03:45:00,0.0036,5,0.0118,14,0.0112,10
03/14/2003 03:50:00,0.0017,2,0.0063,6,0.023,11
03/14/2003 03:55:00,0.0013,2,0.009,12,0.0132,10
03/14/2003 04:00:00,0.0007,1,0.0082,10,0.0118,9
03/14/2003 04:05:00,0.002,3,0.0043,7,0.0113,9
03/14/2003 04:10:00,0.0046,7,0.0121,15,0.0091,7
03/14/2003 04:15:00,0.002,3,0.0091,13,0.0085,5
03/14/2003 04:20:00,0.0019,3,0.0158,20,0.0143,7
03/14/2003 04:25:00,0.0021,3,0.0083,10,0.0123,10
03/14/2003 04:30:00,0.0022,3,0.0163,13,0.0123,9
03/14/2003 04:35:00,0.0038,5,0.0183,21,0.0182,13
03/14/2003 04:40:00,0.0072,9,0.0147,20,0.0231,15
03/14/2003 04:45:00,0.0052,7,0.0164,22,0.0277,20
03/14/2003 04:50:00,0.004,5,0.016,22,0.0157,9
03/14/2003 04:55:00,0.0038,5,0.0093,14,0.035,16
03/14/2003 05:00:00,0.0031,4,0.0129,20,0.0124,10
03/14/2003 05:05:00,0.0056,7,0.0137,19,0.0196,14
03/14/2003 05:10:00,0.0106,13,0.0221,30,0.0416,23
03/14/2003 05:15:00,0.0112,13,0.0199,28,0.0304,22
03/14/2003 05:20:00,0.0146,18,0.0273,36,0.0235,17
03/14/2003 05:25:00,0.012,17,0.027,37,0.0256,22
03/14/2003 05:30:00,0.0114,15,0.0286,38,0.032,24
03/14/2003 05:35:00,0.0213,27,0.0436,59,0.0252,21
03/14/2003 05:40:00,0.014,19,0.0313,47,0.0296,26
03/14/2003 05:45:00,0.0263,35,0.0362,56,0.0336,30
03/14/2003 05:50:00,0.0239,33,0.0348,50,0.0295,26
03/14/2003 05:55:00,0.0279,38,0.0332,49,0.0257,24
03/14/2003 06:00:00,0.0222,27,0.0332,52,0.0404,29
03/14/2003 06:05:00,0.0284,37,0.0371,57,0.0358,27
03/14/2003 06:10:00,0.0332,45,0.0434,58,0.0365,39
03/14/2003 06:15:00,0.0489,67,0.0504,74,0.0553,44
03/14/2003 06:20:00,0.0404,56,0.0485,70,0.0411,47
03/14/2003 06:25:00,0.0568,76,0.0507,80,0.0542,46
03/14/2003 06:30:00,0.0502,69,0.0573,79,0.0494,49
03/14/2003 06:35:00,0.0679,96,0.0619,91,0.061,45
03/14/2003 06:40:00,0.073,99,0.0601,88,0.0477,46
03/14/2003 06:45:00,0.0604,84,0.061,86,0.0507,42
03/14/2003 06:50:00,0.073,100,0.0636,98,0.0497,43
03/14/2003 06:55:00,0.0566,80,0.0638,92,0.0512,46
03/14/2003 07:00:00,0.069,94,0.0621,95,0.0497,43
03/14/2003 07:05:00,0.0698,93,0.0582,78,0.0447,45
03/14/2003 07:10:00,0.0789,108,0.0819,113,0.0525,54
03/14/2003 07:15:00,0.1003,130,0.0732,108,0.0506,56
03/14/2003 07:20:00,0.1095,139,0.0896,126,0.0649,65
03/14/2003 07:25:00,0.1007,135,0.0679,106,0.0667,68
03/14/2003 07:30:00,0.1233,161,0.0933,133,0.062,72
03/14/2003 07:35:00,0.1249,162,0.094,139,0.0603,65
03/14/2003 07:40:00,0.1144,159,0.0852,118,0.0664,75
03/14/2003 07:45:00,0.1212,164,0.0852,130,0.0654,72
03/14/2003 07:50:00,0.1077,147,0.0767,113,0.0615,64
03/14/2003 07:55:00,0.1164,155,0.0785,112,0.0587,67
03/14/2003 08:00:00,0.0697,99,0.0726,111,0.056,55
03/14/2003 08:05:00,0.0883,124,0.0674,105,0.0596,60
03/14/2003 08:10:00,0.1022,143,0.0761,112,0.0596,64
03/14/2003 08:15:00,0.0825,117,0.07,103,0.056,68
03/14/2003 08:20:00,0.08,116,0.0708,104,0.057,57
03/14/2003 08:25:00,0.0925,129,0.0747,112,0.0483,55
03/14/2003 08:30:00,0.0595,86,0.0688,107,0.062,63
03/14/2003 08:35:00,0.0814,117,0.0627,94,0.0584,61
03/14/2003 08:40:00,0.0833,113,0.0737,107,0.0544,62
03/14/2003 08:45:00,0.0738,102,0.063,96,0.0454,48
03/14/2003 08:50:00,0.0636,94,0.0726,99,0.052,49
03/14/2003 08:55:00,0.0759,108,0.0655,94,0.0544,60
03/14/2003 09:00:00,0.0519,71,0.0563,80,0.0537,57
03/14/2003 09:05:00,0.0411,57,0.0558,86,0.0423,53
03/14/2003 09:10:00,0.0518,76,0.0647,91,0.038,39
03/14/2003 09:15:00,0.0622,89,0.0651,92,0.0657,69
03/14/2003 09:20:00,0.0669,93,0.0632,97,0.0578,69
03/14/2003 09:25:00,0.0474,68,0.059,92,0.056,52
03/14/2003 09:30:00,0.0599,86,0.0543,81,0.0435,54
03/14/2003 09:35:00,0.0508,74,0.068,103,0.0496,60
03/14/2003 09:40:00,0.0495,73,0.0625,97,0.0411,47
03/14/2003 09:45:00,0.0658,94,0.0668,103,0.0501,50
03/14/2003 09:50:00,0.0596,81,0.0686,98,0.0599,53
03/14/2003 09:55:00,0.0582,83,0.0648,98,0.0505,49
03/14/2003 10:00:00,0.0523,73,0.0542,82,0.0523,51
03/14/2003 10:05:00,0.0643,91,0.0696,103,0.058,53
03/14/2003 10:10:00,0.0551,78,0.0671,98,0.057,59
03/14/2003 10:15:00,0.064,91,0.0693,100,0.0667,62
03/14/2003 10:20:00,0.0677,92,0.0698,96,0.0617,60
03/14/2003 10:25:00,0.0671,93,0.0715,104,0.0589,61
03/14/2003 10:30:00,0.0678,91,0.0681,99,0.0447,57
03/14/2003 10:35:00,0.0673,93,0.0741,116,0.0612,63
03/14/2003 10:40:00,0.0781,112,0.0773,118,0.056,58
03/14/2003 10:45:00,0.0722,100,0.0848,127,0.0758,72
03/14/2003 10:50:00,0.0656,91,0.067,98,0.052,52
03/14/2003 10:55:00,0.0603,82,0.0697,101,0.0578,70
03/14/2003 11:00:00,0.0731,99,0.0744,106,0.0632,59
03/14/2003 11:05:00,0.0519,72,0.0706,102,0.0654,64
03/14/2003 11:10:00,0.0731,103,0.0809,110,0.0559,59
03/14/2003 11:15:00,0.0763,110,0.0817,101,0.0641,64
03/14/2003 11:20:00,0.068,92,0.0762,104,0.0583,63
03/14/2003 11:25:00,0.0714,101,0.0766,117,0.0595,69
03/14/2003 11:30:00,0.0805,114,0.0715,109,0.0717,75
03/14/2003 11:35:00,0.0709,98,0.0579,94,0.0487,55
03/14/2003 11:40:00,0.0743,103,0.0819,114,0.0583,70
03/14/2003 11:45:00,0.0788,109,0.0703,103,0.0595,65
03/14/2003 11:50:00,0.0755,100,0.074,110,0.0595,57
03/14/2003 11:55:00,0.0688,97,0.0651,91,0.0689,69
03/14/2003 12:00:00,0.0711,100,0.0726,107,0.0607,63
03/14/2003 12:05:00,0.0818,117,0.0728,105,0.0518,69
03/14/2003 12:10:00,0.0833,116,0.084,121,0.0558,63
03/14/2003 12:15:00,0.0819,110,0.087,109,0.0654,72
03/14/2003 12:20:00,0.0837,117,0.0804,123,0.0668,69
03/14/2003 12:25:00,0.0892,126,0.0796,123,0.0536,66
03/14/2003 12:30:00,0.0812,116,0.0655,103,0.06,65
03/14/2003 12:35:00,0.1123,153,0.08,117,0.0793,89
03/14/2003 12:40:00,0.0995,130,0.0938,125,0.0734,79
03/14/2003 12:45:00,0.0779,107,0.074,110,0.0666,75
03/14/2003 12:50:00,0.0872,117,0.0847,111,0.0695,65
03/14/2003 12:55:00,0.0771,106,0.0846,114,0.0593,61
03/14/2003 13:00:00,0.0818,113,0.0789,111,0.0582,69
03/14/2003 13:05:00,0.0951,128,0.0801,124,0.0727,81
03/14/2003 13:10:00,0.1119,147,0.0861,120,0.0672,78
03/14/2003 13:15:00,0.1122,149,0.0956,124,0.0777,82
03/14/2003 13:20:00,0.0812,110,0.0803,121,0.0731,84
03/14/2003 13:25:00,0.1089,143,0.0832,115,0.0659,83
03/14/2003 13:30:00,0.104,144,0.1041,126,0.0759,86
03/14/2003 13:35:00,0.1154,159,0.0919,129,0.0742,85
03/14/2003 13:40:00,0.111,146,0.0968,141,0.0683,77
03/14/2003 13:45:00,0.1144,151,0.0879,134,0.0649,74
03/14/2003 13:50:00,0.0929,125,0.0891,132,0.0717,78
03/14/2003 13:55:00,0.1003,142,0.0796,122,0.0717,78
03/14/2003 14:00:00,0.1397,183,0.1075,155,0.0663,77
03/14/2003 14:05:00,0.1243,170,0.0898,131,0.066,81
03/14/2003 14:10:00,0.1134,152,0.0871,136,0.0769,91
03/14/2003 14:15:00,0.1447,186,0.0982,134,0.0857,95
03/14/2003 14:20:00,0.1309,168,0.1026,143,0.077,89
03/14/2003 14:25:00,0.1253,168,0.1011,139,0.0727,78
03/14/2003 14:30:00,0.1484,192,0.1045,145,0.089,97
03/14/2003 14:35:00,0.153,191,0.1111,143,0.0873,101
03/14/2003 14:40:00,0.1441,190,0.1112,160,0.0731,99
03/14/2003 14:45:00,0.1508,198,0.1041,153,0.0686,84
03/14/2003 14:50:00,0.1369,182,0.0976,136,0.0781,93
03/14/2003 14:55:00,0.1383,178,0.0983,144,0.081,95
03/14/2003 15:00:00,0.1566,195,0.1107,145,0.0739,90
03/14/2003 15:05:00,0.1986,176,0.158,148,0.1104,99
03/14/2003 15:10:00,0.31,152,0.1983,130,0.1571,116
03/14/2003 15:15:00,0.2402,155,0.2276,134,0.1633,117
03/14/2003 15:20:00,0.2676,129,0.2483,131,0.2079,115
03/14/2003 15:25:00,0.3271,123,0.2883,106,0.2918,80
03/14/2003 15:30:00,0.2846,122,0.2448,106,0.2656,86
03/14/2003 15:35:00,0.319,117,0.2945,105,0.2469,81
03/14/2003 15:40:00,0.3575,103,0.351,81,0.2962,71
03/14/2003 15:45:00,0.407,96,0.334,86,0.4163,66
03/14/2003 15:50:00,0.3454,98,0.3472,93,0.3313,81
03/14/2003 15:55:00,0.3718,102,0.3159,92,0.2858,77
03/14/2003 16:00:00,0.3433,95,0.3029,87,0.2986,74
03/14/2003 16:05:00,0.3412,100,0.3234,93,0.2748,73
03/14/2003 16:10:00,0.38,97,0.3434,82,0.3195,71
03/14/2003 16:15:00,0.3148,119,0.2812,96,0.2565,96
03/14/2003 16:20:00,0.3417,108,0.3286,102,0.2634,84
03/14/2003 16:25:00,0.2767,118,0.2661,110,0.2312,105
03/14/2003 16:30:00,0.2889,122,0.2704,113,0.1982,103
03/14/2003 16:35:00,0.2949,124,0.2662,114,0.2374,92
03/14/2003 16:40:00,0.289,124,0.291,108,0.3238,78
03/14/2003 16:45:00,0.3344,111,0.3321,103,0.2607,96
03/14/2003 16:50:00,0.3069,127,0.2663,117,0.2753,108
03/14/2003 16:55:00,0.2989,126,0.2663,123,0.2074,111
03/14/2003 17:00:00,0.2533,129,0.2105,122,0.2117,118
03/14/2003 17:05:00,0.3141,117,0.2775,118,0.2565,97
03/14/2003 17:10:00,0.3439,119,0.3159,108,0.2695,90
03/14/2003 17:15:00,0.3873,126,0.2955,102,0.2642,95
03/14/2003 17:20:00,0.3023,134,0.2736,127,0.2684,104
03/14/2003 17:25:00,0.2798,133,0.2218,131,0.1789,116
03/14/2003 17:30:00,0.3076,139,0.2709,127,0.2678,116
03/14/2003 17:35:00,0.2945,133,0.2355,123,0.2417,109
03/14/2003 17:40:00,0.3146,130,0.2774,111,0.3018,97
03/14/2003 17:45:00,0.2749,137,0.2456,132,0.2152,124
03/14/2003 17:50:00,0.2832,146,0.2254,138,0.2206,121
03/14/2003 17:55:00,0.2539,142,0.2011,135,0.1975,125
03/14/2003 18:00:00,0.292,153,0.2244,141,0.216,135
03/14/2003 18:05:00,0.2046,146,0.1497,133,0.1344,97
03/14/2003 18:10:00,0.1107,141,0.0833,125,0.0531,66
03/14/2003 18:15:00,0.1076,139,0.0709,105,0.0588,74
03/14/2003 18:20:00,0.0828,111,0.0769,114,0.0541,67
03/14/2003 18:25:00,0.0943,127,0.0781,120,0.0475,64
03/14/2003 18:30:00,0.0917,116,0.0736,111,0.0401,51
03/14/2003 18:35:00,0.1094,131,0.0942,116,0.0662,65
03/14/2003 18:40:00,0.098,134,0.0751,114,0.0464,59
03/14/2003 18:45:00,0.0983,131,0.0759,112,0.057,59
03/14/2003 18:50:00,0.0968,128,0.0679,105,0.0516,64
03/14/2003 18:55:00,0.0814,107,0.0837,125,0.0521,73
03/14/2003 19:00:00,0.0877,117,0.0677,95,0.0477,65
03/14/2003 19:05:00,0.0662,90,0.07,102,0.0419,53
03/14/2003 19:10:00,0.0763,98,0.0736,107,0.0509,62
03/14/2003 19:15:00,0.0771,96,0.0716,98,0.0406,50
03/14/2003 19:20:00,0.0714,91,0.0719,97,0.0551,67
03/14/2003 19:25:00,0.0753,95,0.0688,98,0.044,47
03/14/2003 19:30:00,0.0846,107,0.072,100,0.0493,63
03/14/2003 19:35:00,0.0725,92,0.0655,99,0.053,63
03/14/2003 19:40:00,0.0672,78,0.0662,93,0.0438,56
03/14/2003 19:45:00,0.0646,80,0.0622,84,0.0455,52
03/14/2003 19:50:00,0.0874,97,0.0724,87,0.0491,59
03/14/2003 19:55:00,0.0659,79,0.0666,86,0.0442,52
03/14/2003 20:00:00,0.0607,73,0.0739,95,0.049,49
03/14/2003 20:05:00,0.0491,60,0.0558,79,0.0399,42
03/14/2003 20:10:00,0.0789,86,0.0726,90,0.0473,57
03/14/2003 20:15:00,0.077,94,0.0578,81,0.0488,55
03/14/2003 20:20:00,0.0519,62,0.0625,80,0.0342,40
03/14/2003 20:25:00,0.074,90,0.0603,80,0.0458,47
03/14/2003 20:30:00,0.0621,72,0.0561,76,0.0414,54
03/14/2003 20:35:00,0.0648,74,0.0603,87,0.0357,41
03/14/2003 20:40:00,0.0742,88,0.068,88,0.0497,48
03/14/2003 20:45:00,0.0586,72,0.0503,70,0.043,51
03/14/2003 20:50:00,0.0828,97,0.0661,81,0.0449,50
03/14/2003 20:55:00,0.0578,70,0.0657,92,0.0346,43
03/14/2003 21:00:00,0.0608,73,0.0586,78,0.0454,51
03/14/2003 21:05:00,0.0794,92,0.0679,91,0.0486,55
03/14/2003 21:10:00,0.0888,107,0.0779,106,0.0493,56
03/14/2003 21:15:00,0.1279,126,0.1122,119,0.05,54
03/14/2003 21:20:00,0.1912,117,0.1438,114,0.0982,67
03/14/2003 21:25:00,0.2755,114,0.2197,107,0.1279,71
03/14/2003 21:30:00,0.2822,113,0.2684,111,0.1686,71
03/14/2003 21:35:00,0.2933,104,0.2986,90,0.2308,81
03/14/2003 21:40:00,0.2971,105,0.2807,109,0.2024,78
03/14/2003 21:45:00,0.2832,98,0.2707,93,0.2124,77
03/14/2003 21:50:00,0.336,109,0.2658,99,0.2144,82
03/14/2003 21:55:00,0.2892,102,0.2756,94,0.2673,74
03/14/2003 22:00:00,0.2233,99,0.2027,101,0.1781,89
03/14/2003 22:05:00,0.0886,107,0.0727,112,0.0403,52
03/14/2003 22:10:00,0.0603,78,0.0618,95,0.0413,51
03/14/2003 22:15:00,0.0683,86,0.0689,93,0.0571,59
03/14/2003 22:20:00,0.0508,64,0.0502,78,0.0345,42
03/14/2003 22:25:00,0.0491,63,0.0473,72,0.0365,42
03/14/2003 22:30:00,0.0439,57,0.0458,71,0.0426,45
03/14/2003 22:35:00,0.0442,56,0.0507,77,0.0382,46
03/14/2003 22:40:00,0.0365,45,0.0471,70,0.0456,53
03/14/2003 22:45:00,0.035,46,0.0487,72,0.0371,45
03/14/2003 22:50:00,0.0358,49,0.0506,75,0.0371,42
03/14/2003 22:55:00,0.0238,34,0.0356,57,0.0354,45
03/14/2003 23:00:00,0.0343,48,0.042,65,0.0319,42
03/14/2003 23:05:00,0.0341,44,0.0405,60,0.0253,32
03/14/2003 23:10:00,0.0329,43,0.0373,60,0.0295,37
03/14/2003 23:15:00,0.023,30,0.0392,62,0.0274,35
03/14/2003 23:20:00,0.0225,28,0.0312,51,0.034,38
03/14/2003 23:25:00,0.0272,36,0.0339,53,0.0263,37
03/14/2003 23:30:00,0.0288,36,0.0344,53,0.0332,38
03/14/2003 23:35:00,0.0237,32,0.0345,56,0.0313,31
03/14/2003 23:40:00,0.0227,30,0.0378,54,0.0303,31
03/14/2003 23:45:00,0.031,39,0.0441,57,0.0448,52
03/14/2003 23:50:00,0.0129,17,0.0219,33,0.0195,22
03/14/2003 23:55:00,0.0184,25,0.0304,46,0.0278,34
03/15/2003 00:00:00,0.0232,31,0.0283,44,0.0246,29
03/15/2003 00:05:00,0.015,19,0.0282,43,0.0263,28
03/15/2003 00:10:00,0.0167,22,0.0328,47,0.0143,20
03/15/2003 00:15:00,0.0154,18,0.0296,45,0.0223,25
03/15/2003 00:20:00,0.0163,21,0.0249,33,0.0307,31
03/15/2003 00:25:00,0.0164,21,0.0243,36,0.02,20
03/15/2003 00:30:00,0.0103,14,0.0174,27,0.0167,21
03/15/2003 00:35:00,0.0159,21,0.0261,38,0.0257,22
03/15/2003 00:40:00,0.0078,9,0.0153,22,0.0189,19
03/15/2003 00:45:00,0.0151,17,0.0204,24,0.0262,29
03/15/2003 00:50:00,0.0146,16,0.0172,21,0.0312,19
03/15/2003 00:55:00,0.0078,10,0.0237,33,0.016,16
03/15/2003 01:00:00,0.0046,6,0.0187,27,0.0206,23
03/15/2003 01:05:00,0.008,10,0.0117,17,0.0191,17
03/15/2003 01:10:00,0.0084,11,0.0221,33,0.0157,16
03/15/2003 01:15:00,0.0062,8,0.0161,23,0.0196,18
03/15/2003 01:20:00,0.0073,10,0.0165,24,0.0158,13
03/15/2003 01:25:00,0.0029,4,0.0168,23,0.0122,17
03/15/2003 01:30:00,0.0058,8,0.0161,24,0.0154,17
03/15/2003 01:35:00,0.0094,11,0.0127,16,0.0253,25
03/15/2003 01:40:00,0.0128,15,0.0166,25,0.0105,14
03/15/2003 01:45:00,0.0047,6,0.0173,21,0.0109,13
03/15/2003 01:50:00,0.0056,7,0.0119,18,0.0141,15
03/15/2003 01:55:00,0.0081,9,0.0159,20,0.0122,15
03/15/2003 02:00:00,0.0089,11,0.0161,23,0.0128,16
03/15/2003 02:05:00,0.0007,1,0.012,20,0.0118,19
03/15/2003 02:10:00,0.0036,5,0.0099,15,0.0121,14
03/15/2003 02:15:00,0.0091,11,0.0138,21,0.014,13
03/15/2003 02:20:00,0.0044,5,0.0126,19,0.0134,12
03/15/2003 02:25:00,0.0019,3,0.0111,17,0.015,14
03/15/2003 02:30:00,0.0038,4,0.0082,13,0.0168,15
03/15/2003 02:35:00,0.0019,2,0.0103,14,0.0072,5
03/15/2003 02:40:00,0.0007,1,0.0132,17,0.0104,10
03/15/2003 02:45:00,0.001,1,0.0121,18,0.0121,12
03/15/2003 02:50:00,0.0039,5,0.0133,15,0.0124,11
03/15/2003 02:55:00,0.0009,1,0.0099,9,0.0113,9
03/15/2003 03:00:00,0.0008,1,0.0079,12,0.0103,10
03/15/2003 03:05:00,0.0018,2,0.0073,11,0.0185,10
03/15/2003 03:10:00,0.0031,4,0.0122,16,0.0082,7
03/15/2003 03:15:00,0.0017,2,0.0064,9,0.0058,6
03/15/2003 03:20:00,0.0027,3,0.0115,18,0.0062,8
03/15/2003 03:25:00,0.0036,5,0.0105,15,0.0144,12
03/15/2003 03:30:00,0.0013,2,0.0072,8,0.0089,5
03/15/2003 03:35:00,0.0007,1,0.0082,12,0.0092,6
03/15/2003 03:40:00,0.0014,2,0.0128,17,0.0032,3
03/15/2003 03:45:00,0.001,1,0.0075,11,0.0056,7
03/15/2003 03:50:00,0.0019,2,0.0067,11,0.0066,6
03/15/2003 03:55:00,0,0,0.006,9,0.0088,8
03/15/2003 04:00:00,0.0017,2,0.0097,13,0.0094,8
03/15/2003 04:05:00,0.003,4,0.006,8,0.0143,9
03/15/2003 04:10:00,0.0008,1,0.0097,14,0.0084,7
03/15/2003 04:15:00,0.001,1,0.0131,15,0.011,9
03/15/2003 04:20:00,0.0007,1,0.0051,8,0.016,10
03/15/2003 04:25:00,0.0017,2,0.0063,8,0.0096,8
03/15/2003 04:30:00,0.002,3,0.0043,7,0.008,6
03/15/2003 04:35:00,0.0016,2,0.0079,7,0.0133,13
03/15/2003 04:40:00,0,0,0.0112,16,0.0083,8
03/15/2003 04:45:00,0.0021,3,0.0173,21,0.0077,6
03/15/2003 04:50:00,0.0016,2,0.0132,18,0.0105,6
03/15/2003 04:55:00,0.0009,1,0.0101,10,0.0101,8
03/15/2003 05:00:00,0.0016,2,0.0093,13,0.0121,12
03/15/2003 05:05:00,0.0032,3,0.0176,19,0.0085,9
03/15/2003 05:10:00,0.0026,3,0.014,15,0.0146,11
03/15/2003 05:15:00,0.004,5,0.01,15,0.0143,9
03/15/2003 05:20:00,0.0037,5,0.0131,18,0.0115,10
03/15/2003 05:25:00,0.0069,8,0.0254,30,0.0149,14
03/15/2003 05:30:00,0.0065,8,0.0177,25,0.0105,7
03/15/2003 05:35:00,0.0073,9,0.0152,20,0.018,20
03/15/2003 05:40:00,0.0032,4,0.0141,19,0.0065,10
03/15/2003 05:45:00,0.0102,13,0.0181,27,0.0287,23
03/15/2003 05:50:00,0.0041,6,0.0123,21,0.0164,14
03/15/2003 05:55:00,0.0097,14,0.024,35,0.0132,13
03/15/2003 06:00:00,0.0041,6,0.0197,29,0.0125,16
03/15/2003 06:05:00,0.0095,14,0.0201,31,0.0096,7
03/15/2003 06:10:00,0.006,8,0.0269,40,0.0089,11
03/15/2003 06:15:00,0.0101,14,0.0185,31,0.0125,14
03/15/2003 06:20:00,0.0112,15,0.0175,30,0.0183,20
03/15/2003 06:25:00,0.015,23,0.019,30,0.0143,15
03/15/2003 06:30:00,0.0208,32,0.0348,53,0.0211,22
03/15/2003 06:35:00,0.0136,21,0.0266,41,0.021,22
03/15/2003 06:40:00,0.0142,21,0.025,43,0.0177,18
03/15/2003 06:45:00,0.0161,25,0.0263,45,0.0205,27
03/15/2003 06:50:00,0.0183,30,0.0317,54,0.0219,23
03/15/2003 06:55:00,0.0243,37,0.0301,46,0.0245,24
03/15/2003 07:00:00,0.0208,32,0.025,42,0.0284,29
03/15/2003 07:05:00,0.0205,32,0.0325,53,0.0291,33
03/15/2003 07:10:00,0.0189,29,0.0382,56,0.0139,20
03/15/2003 07:15:00,0.0258,38,0.0452,73,0.0247,28
03/15/2003 07:20:00,0.0331,50,0.0348,63,0.0308,41
03/15/2003 07:25:00,0.0276,43,0.0372,62,0.0233,34
03/15/2003 07:30:00,0.0297,43,0.0386,64,0.0316,37
03/15/2003 07:35:00,0.0274,40,0.0418,64,0.0236,34
03/15/2003 07:40:00,0.0352,54,0.0551,86,0.0292,34
03/15/2003 07:45:00,0.0471,65,0.0473,72,0.0382,41
03/15/2003 07:50:00,0.0398,58,0.0479,79,0.0361,38
03/15/2003 07:55:00,0.0297,43,0.0349,56,0.0302,34
03/15/2003 08:00:00,0.0337,51,0.0404,73,0.0293,35
03/15/2003 08:05:00,0.0486,75,0.055,83,0.0321,28
03/15/2003 08:10:00,0.0512,75,0.0526,88,0.0383,49
03/15/2003 08:15:00,0.0663,99,0.0597,93,0.0416,53
03/15/2003 08:20:00,0.0331,50,0.0525,84,0.0432,54
03/15/2003 08:25:00,0.0336,51,0.0483,80,0.0352,41
03/15/2003 08:30:00,0.0421,60,0.044,74,0.0384,41
03/15/2003 08:35:00,0.0412,60,0.0485,75,0.0386,48
03/15/2003 08:40:00,0.0511,74,0.0505,87,0.04,52
03/15/2003 08:45:00,0.0531,80,0.0599,95,0.0331,51
03/15/2003 08:50:00,0.0399,63,0.0562,86,0.0335,47
03/15/2003 08:55:00,0.0439,68,0.0503,83,0.0454,52
03/15/2003 09:00:00,0.0523,79,0.0579,84,0.0413,54
03/15/2003 09:05:00,0.0418,64,0.047,76,0.0403,51
03/15/2003 09:10:00,0.0386,56,0.0531,87,0.0282,44
03/15/2003 09:15:00,0.0501,75,0.0554,92,0.0368,50
03/15/2003 09:20:00,0.0467,67,0.0482,81,0.0354,53
03/15/2003 09:25:00,0.0567,84,0.0529,87,0.0446,54
03/15/2003 09:30:00,0.0553,81,0.0548,87,0.0414,55
03/15/2003 09:35:00,0.0517,75,0.0585,95,0.0412,57
03/15/2003 09:40:00,0.0603,91,0.058,98,0.0411,52
03/15/2003 09:45:00,0.0672,97,0.068,103,0.0443,64
03/15/2003 09:50:00,0.059,84,0.0596,100,0.0418,62
03/15/2003 09:55:00,0.0698,100,0.0649,105,0.0425,58
03/15/2003 10:00:00,0.0638,92,0.0599,102,0.0456,57
03/15/2003 10:05:00,0.0578,84,0.0595,101,0.0558,74
03/15/2003 10:10:00,0.0606,88,0.0591,95,0.0437,59
03/15/2003 10:15:00,0.0706,99,0.0723,119,0.0487,67
03/15/2003 10:20:00,0.0641,89,0.0677,109,0.0505,71
03/15/2003 10:25:00,0.0581,86,0.0724,114,0.0432,65
03/15/2003 10:30:00,0.0685,100,0.0696,118,0.0441,60
03/15/2003 10:35:00,0.0609,88,0.0631,104,0.0485,65
03/15/2003 10:40:00,0.0788,115,0.0637,104,0.0574,76
03/15/2003 10:45:00,0.0599,85,0.081,126,0.0556,71
03/15/2003 10:50:00,0.0788,111,0.0706,116,0.0417,54
03/15/2003 10:55:00,0.0619,91,0.062,104,0.0478,74
03/15/2003 11:00:00,0.0732,107,0.0773,116,0.0572,71
03/15/2003 11:05:00,0.0498,72,0.0617,103,0.0484,69
03/15/2003 11:10:00,0.0538,78,0.0705,114,0.0582,77
03/15/2003 11:15:00,0.0793,112,0.0737,122,0.0505,67
03/15/2003 11:20:00,0.0676,98,0.0599,100,0.0496,64
03/15/2003 11:25:00,0.0529,78,0.0698,118,0.0445,69
03/15/2003 11:30:00,0.087,123,0.0717,121,0.0501,65
03/15/2003 11:35:00,0.0733,102,0.0678,106,0.0445,69
03/15/2003 11:40:00,0.0712,103,0.0732,119,0.0477,69
03/15/2003 11:45:00,0.0796,114,0.0777,125,0.0517,68
03/15/2003 11:50:00,0.0651,99,0.0829,131,0.0471,64
03/15/2003 11:55:00,0.0737,110,0.0667,109,0.0503,70
03/15/2003 12:00:00,0.0696,102,0.0635,104,0.0545,67
03/15/2003 12:05:00,0.0896,121,0.0714,111,0.0626,85
03/15/2003 12:10:00,0.0697,99,0.0689,116,0.0417,69
03/15/2003 12:15:00,0.0751,109,0.0788,128,0.0563,87
03/15/2003 12:20:00,0.0828,120,0.0779,129,0.0541,78
03/15/2003 12:25:00,0.0732,106,0.0628,103,0.0466,70
03/15/2003 12:30:00,0.0847,122,0.0698,110,0.0474,65
03/15/2003 12:35:00,0.0797,116,0.0725,107,0.0515,73
03/15/2003 12:40:00,0.0784,114,0.0668,114,0.0402,61
03/15/2003 12:45:00,0.0603,93,0.0648,116,0.0537,66
03/15/2003 12:50:00,0.0712,108,0.0715,120,0.0483,66
03/15/2003 12:55:00,0.0573,87,0.0684,115,0.0573,79
03/15/2003 13:00:00,0.0602,89,0.0623,104,0.0407,62
03/15/2003 13:05:00,0.0669,97,0.0502,85,0.0454,71
03/15/2003 13:10:00,0.0791,116,0.0695,116,0.0552,72
03/15/2003 13:15:00,0.062,91,0.0774,120,0.0566,82
03/15/2003 13:20:00,0.0959,133,0.0828,126,0.0621,78
03/15/2003 13:25:00,0.0948,132,0.0752,114,0.0492,74
03/15/2003 13:30:00,0.0858,126,0.0678,113,0.0457,61
03/15/2003 13:35:00,0.0859,119,0.0787,131,0.0611,91
03/15/2003 13:40:00,0.0759,112,0.072,118,0.0566,82
03/15/2003 13:45:00,0.0764,113,0.0744,121,0.0518,83
03/15/2003 13:50:00,0.0815,122,0.0718,114,0.053,80
03/15/2003 13:55:00,0.0688,102,0.0682,117,0.0541,75
03/15/2003 14:00:00,0.0745,107,0.0675,112,0.0513,72
03/15/2003 14:05:00,0.0719,103,0.07,116,0.0462,69
03/15/2003 14:10:00,0.0661,97,0.0678,115,0.0452,72
03/15/2003 14:15:00,0.0564,86,0.0633,110,0.0502,74
03/15/2003 14:20:00,0.0781,116,0.0715,123,0.053,72
03/15/2003 14:25:00,0.0756,108,0.065,110,0.0563,75
03/15/2003 14:30:00,0.07,99,0.0704,111,0.0557,84
03/15/2003 14:35:00,0.0769,113,0.0688,113,0.0548,83
03/15/2003 14:40:00,0.0681,97,0.0652,111,0.0478,73
03/15/2003 14:45:00,0.0687,103,0.0749,123,0.0554,75
03/15/2003 14:50:00,0.0621,89,0.069,111,0.0426,66
03/15/2003 14:55:00,0.0701,98,0.0677,111,0.058,75
03/15/2003 15:00:00,0.0808,120,0.0701,117,0.06,78
03/15/2003 15:05:00,0.0619,94,0.0683,111,0.0496,71
03/15/2003 15:10:00,0.073,107,0.0714,106,0.0567,78
03/15/2003 15:15:00,0.0757,107,0.0729,120,0.0549,74
03/15/2003 15:20:00,0.0713,103,0.0701,111,0.0582,82
03/15/2003 15:25:00,0.0817,118,0.0788,129,0.0596,83
03/15/2003 15:30:00,0.0587,85,0.0595,98,0.0439,62
03/15/2003 15:35:00,0.0777,110,0.0684,117,0.0621,92
03/15/2003 15:40:00,0.0729,108,0.0764,128,0.0484,64
03/15/2003 15:45:00,0.0731,107,0.076,135,0.0558,77
03/15/2003 15:50:00,0.0788,115,0.0781,130,0.0704,93
03/15/2003 15:55:00,0.0609,89,0.0611,101,0.0492,75
03/15/2003 16:00:00,0.0629,95,0.0647,109,0.053,74
03/15/2003 16:05:00,0.0583,87,0.0645,106,0.0507,77
03/15/2003 16:10:00,0.0682,98,0.0738,126,0.0536,84
03/15/2003 16:15:00,0.0766,112,0.076,127,0.0566,86
03/15/2003 16:20:00,0.0737,102,0.0646,107,0.0486,72
03/15/2003 16:25:00,0.0492,74,0.0568,98,0.0507,78
03/15/2003 16:30:00,0.0656,95,0.0688,115,0.0476,73
03/15/2003 16:35:00,0.0549,84,0.0563,95,0.0489,72
03/15/2003 16:40:00,0.0654,98,0.0638,106,0.055,76
03/15/2003 16:45:00,0.0592,88,0.0628,107,0.042,71
03/15/2003 16:50:00,0.0534,79,0.0654,112,0.0443,66
03/15/2003 16:55:00,0.0622,90,0.0674,108,0.0528,74
03/15/2003 17:00:00,0.0687,98,0.0678,115,0.0554,82
03/15/2003 17:05:00,0.0694,103,0.0651,107,0.0525,76
03/15/2003 17:10:00,0.0592,84,0.059,100,0.0542,83
03/15/2003 17:15:00,0.0577,84,0.058,99,0.0403,67
03/15/2003 17:20:00,0.0655,95,0.0634,102,0.0584,91
03/15/2003 17:25:00,0.0487,72,0.0597,103,0.0522,76
03/15/2003 17:30:00,0.0596,89,0.0618,104,0.0483,72
03/15/2003 17:35:00,0.0737,103,0.0682,111,0.0525,75
03/15/2003 17:40:00,0.0633,89,0.0719,118,0.0543,81
03/15/2003 17:45:00,0.0798,112,0.0662,105,0.0591,88
03/15/2003 17:50:00,0.0778,109,0.07,114,0.0564,85
03/15/2003 17:55:00,0.0696,101,0.0619,105,0.0476,75
03/15/2003 18:00:00,0.0603,88,0.0686,109,0.0514,68
03/15/2003 18:05:00,0.0561,83,0.0623,107,0.0449,56
03/15/2003 18:10:00,0.0587,86,0.0689,117,0.0441,65
03/15/2003 18:15:00,0.0529,80,0.066,107,0.0411,60
03/15/2003 18:20:00,0.0608,87,0.0633,102,0.0441,66
03/15/2003 18:25:00,0.0502,73,0.0589,97,0.0449,64
03/15/2003 18:30:00,0.055,80,0.0532,88,0.0391,59
03/15/2003 18:35:00,0.0513,74,0.0592,90,0.0429,60
03/15/2003 18:40:00,0.0606,87,0.061,98,0.0393,58
03/15/2003 18:45:00,0.0479,68,0.0535,88,0.0394,54
03/15/2003 18:50:00,0.0494,69,0.0562,95,0.038,57
03/15/2003 18:55:00,0.0513,69,0.0518,83,0.0346,49
03/15/2003 19:00:00,0.0593,84,0.0563,93,0.0371,54
03/15/2003 19:05:00,0.0473,66,0.0498,82,0.0361,56
03/15/2003 19:10:00,0.0538,77,0.0569,94,0.0411,60
03/15/2003 19:15:00,0.0449,64,0.0532,89,0.0437,66
03/15/2003 19:20:00,0.0413,58,0.0557,93,0.0441,61
03/15/2003 19:25:00,0.0415,58,0.0523,87,0.0331,47
03/15/2003 19:30:00,0.0467,64,0.0525,83,0.026,38
03/15/2003 19:35:00,0.0439,64,0.0544,91,0.0457,66
03/15/2003 19:40:00,0.0316,49,0.054,85,0.0305,43
03/15/2003 19:45:00,0.0389,56,0.0483,82,0.0375,57
03/15/2003 19:50:00,0.0392,55,0.0511,84,0.0451,62
03/15/2003 19:55:00,0.0381,56,0.0421,68,0.0403,58
03/15/2003 20:00:00,0.0396,57,0.0461,72,0.034,44
03/15/2003 20:05:00,0.0405,59,0.0483,77,0.03,47
03/15/2003 20:10:00,0.0362,50,0.0502,79,0.0337,47
03/15/2003 20:15:00,0.0433,62,0.0406,69,0.035,48
03/15/2003 20:20:00,0.032,44,0.042,70,0.035,46
03/15/2003 20:25:00,0.0306,45,0.0431,70,0.0303,46
03/15/2003 20:30:00,0.0331,46,0.0386,65,0.0337,48
03/15/2003 20:35:00,0.0313,44,0.0494,74,0.0343,45
03/15/2003 20:40:00,0.0381,53,0.043,71,0.0298,46
03/15/2003 20:45:00,0.0377,52,0.0425,69,0.0313,40
03/15/2003 20:50:00,0.036,52,0.0379,67,0.032,44
03/15/2003 20:55:00,0.0257,38,0.0437,74,0.0291,39
03/15/2003 21:00:00,0.0431,62,0.0476,76,0.0298,44
03/15/2003 21:05:00,0.0381,54,0.0435,69,0.035,46
03/15/2003 21:10:00,0.035,48,0.0385,60,0.0288,42
03/15/2003 21:15:00,0.0331,48,0.0512,78,0.0357,53
03/15/2003 21:20:00,0.0247,35,0.035,54,0.0343,45
03/15/2003 21:25:00,0.039,55,0.0454,74,0.0343,52
03/15/2003 21:30:00,0.0274,39,0.0448,79,0.0301,48
03/15/2003 21:35:00,0.0307,43,0.0529,87,0.0408,54
03/15/2003 21:40:00,0.042,58,0.0554,90,0.0355,59
03/15/2003 21:45:00,0.0299,43,0.0467,78,0.0351,57
03/15/2003 21:50:00,0.0368,51,0.0543,88,0.0423,67
03/15/2003 21:55:00,0.0423,61,0.0426,68,0.0326,47
03/15/2003 22:00:00,0.0349,46,0.0354,59,0.0273,39
03/15/2003 22:05:00,0.0241,32,0.0344,57,0.0291,45
03/15/2003 22:10:00,0.0366,52,0.0453,76,0.0269,41
03/15/2003 22:15:00,0.0232,33,0.0326,51,0.0307,45
03/15/2003 22:20:00,0.0265,38,0.0339,55,0.031,45
03/15/2003 22:25:00,0.0242,35,0.0401,67,0.0235,34
03/15/2003 22:30:00,0.0278,41,0.0343,58,0.0238,39
03/15/2003 22:35:00,0.03,44,0.0409,69,0.0288,44
03/15/2003 22:40:00,0.0339,49,0.0401,65,0.0249,41
03/15/2003 22:45:00,0.0273,38,0.0395,66,0.0255,38
03/15/2003 22:50:00,0.0223,32,0.0388,68,0.0264,43
03/15/2003 22:55:00,0.02,28,0.0262,45,0.0303,41
03/15/2003 23:00:00,0.026,37,0.0366,61,0.0204,34
03/15/2003 23:05:00,0.0183,27,0.0292,47,0.0257,40
03/15/2003 23:10:00,0.0163,24,0.031,51,0.0253,39
03/15/2003 23:15:00,0.0212,30,0.0356,60,0.0291,45
03/15/2003 23:20:00,0.0173,25,0.0281,51,0.0232,32
03/15/2003 23:25:00,0.0208,29,0.0301,51,0.0224,37
03/15/2003 23:30:00,0.0213,30,0.0324,55,0.0177,25
03/15/2003 23:35:00,0.0179,26,0.0286,47,0.0164,25
03/15/2003 23:40:00,0.0237,34,0.032,55,0.0214,30
03/15/2003 23:45:00,0.0243,33,0.0301,51,0.0258,40
03/15/2003 23:50:00,0.021,29,0.0252,43,0.0171,28
03/15/2003 23:55:00,0.0151,23,0.0293,49,0.0161,28
03/16/2003 00:00:00,0.0148,20,0.0226,39,0.0154,26
03/16/2003 00:05:00,0.014,20,0.0254,40,0.0146,24
03/16/2003 00:10:00,0.0135,19,0.0192,34,0.0196,28
03/16/2003 00:15:00,0.0149,21,0.0218,33,0.013,18
03/16/2003 00:20:00,0.0101,15,0.0195,33,0.0181,29
03/16/2003 00:25:00,0.0086,11,0.0206,33,0.0209,31
03/16/2003 00:30:00,0.0117,17,0.0211,35,0.0199,26
03/16/2003 00:35:00,0.0083,13,0.0148,24,0.0117,19
03/16/2003 00:40:00,0.0098,15,0.0197,34,0.0127,21
03/16/2003 00:45:00,0.006,8,0.0167,25,0.0107,19
03/16/2003 00:50:00,0.0078,11,0.0159,23,0.0144,24
03/16/2003 00:55:00,0.0102,14,0.0146,25,0.0145,22
03/16/2003 01:00:00,0.0071,10,0.0135,23,0.014,23
03/16/2003 01:05:00,0.0029,5,0.0142,23,0.0099,17
03/16/2003 01:10:00,0.0043,7,0.0096,17,0.0118,20
03/16/2003 01:15:00,0.0032,5,0.0123,19,0.0089,16
03/16/2003 01:20:00,0.0047,6,0.0101,15,0.0054,10
03/16/2003 01:25:00,0.0055,9,0.0125,21,0.0163,17
03/16/2003 01:30:00,0.004,6,0.0107,18,0.009,15
03/16/2003 01:35:00,0.0046,7,0.0112,19,0.0126,19
03/16/2003 01:40:00,0.0033,5,0.0093,16,0.0112,15
03/16/2003 01:45:00,0.0051,7,0.0145,25,0.0079,13
03/16/2003 01:50:00,0.0073,11,0.0158,28,0.0099,16
03/16/2003 01:55:00,0.0039,5,0.0111,20,0.01,18
03/16/2003 02:00:00,0.0093,15,0.0199,31,0.014,20
03/16/2003 02:05:00,0.0059,9,0.0141,24,0.0132,23
03/16/2003 02:10:00,0.0055,8,0.0118,21,0.0087,14
03/16/2003 02:15:00,0.0036,5,0.011,19,0.0108,16
03/16/2003 02:20:00,0.0042,5,0.0209,34,0.0081,11
03/16/2003 02:25:00,0.0046,7,0.0096,16,0.0127,13
03/16/2003 02:30:00,0.002,3,0.0073,14,0.0063,5
03/16/2003 02:35:00,0.0009,1,0.0083,14,0.0074,8
03/16/2003 02:40:00,0.0014,2,0.0112,18,0.0095,15
03/16/2003 02:45:00,0.0019,3,0.0083,12,0.0044,7
03/16/2003 02:50:00,0.002,3,0.0078,11,0.0052,9
03/16/2003 02:55:00,0.0014,2,0.007,12,0.0103,12
03/16/2003 03:00:00,0.0061,8,0.0055,9,0.01,13
03/16/2003 03:05:00,0,0,0.0087,11,0.0102,12
03/16/2003 03:10:00,0.0018,3,0.0042,7,0.0101,17
03/16/2003 03:15:00,0.0007,1,0.0076,13,0.003,5
03/16/2003 03:20:00,0.0007,1,0.0047,8,0.0056,10
03/16/2003 03:25:00,0.0014,2,0.0051,9,0.0062,10
03/16/2003 03:30:00,0.0013,2,0.0069,12,0.0053,9
03/16/2003 03:35:00,0.0013,2,0.0038,7,0.008,7
03/16/2003 03:40:00,0,0,0.0051,9,0.0034,6
03/16/2003 03:45:00,0.0017,2,0.007,12,0.0049,8
03/16/2003 03:50:00,0.0018,3,0.0057,8,0.0088,12
03/16/2003 03:55:00,0.0039,4,0.0053,9,0.0046,8
03/16/2003 04:00:00,0.0043,6,0.0134,18,0.0035,5
03/16/2003 04:05:00,0.0024,4,0.0054,8,0.0041,7
03/16/2003 04:10:00,0.0016,2,0.0065,12,0.0067,9
03/16/2003 04:15:00,0.0007,1,0.0048,8,0.0056,5
03/16/2003 04:20:00,0.002,3,0.0056,8,0.0024,4
03/16/2003 04:25:00,0.0006,1,0.0063,10,0.0045,4
03/16/2003 04:30:00,0.001,2,0.0094,9,0.0041,7
03/16/2003 04:35:00,0.0008,1,0.0035,6,0.0018,3
03/16/2003 04:40:00,0.0006,1,0.0092,16,0.0081,8
03/16/2003 04:45:00,0.0011,2,0.0055,9,0.0057,7
03/16/2003 04:50:00,0.0013,2,0.0044,7,0.0043,7
03/16/2003 04:55:00,0.0033,4,0.0067,10,0.0034,6
03/16/2003 05:00:00,0.0016,2,0.0075,13,0.0066,5
03/16/2003 05:05:00,0.0024,4,0.0081,11,0.0036,6
03/16/2003 05:10:00,0.0008,1,0.0054,10,0.0041,7
03/16/2003 05:15:00,0.0028,4,0.0134,22,0.0073,7
03/16/2003 05:20:00,0.0016,2,0.0101,14,0.0034,6
03/16/2003 05:25:00,0,0,0.0078,13,0.0051,9
03/16/2003 05:30:00,0.0027,4,0.009,16,0.0098,12
03/16/2003 05:35:00,0.0018,3,0.0115,18,0.0056,9
03/16/2003 05:40:00,0.0034,5,0.0128,19,0.0054,10
03/16/2003 05:45:00,0.006,8,0.0133,23,0.0099,14
03/16/2003 05:50:00,0.0013,2,0.0101,15,0.003,5
03/16/2003 05:55:00,0.0056,9,0.0112,20,0.0092,12
03/16/2003 06:00:00,0.002,3,0.0097,18,0.0048,8
03/16/2003 06:05:00,0.0037,5,0.0121,20,0.0066,11
03/16/2003 06:10:00,0.0063,9,0.0164,28,0.0078,13
03/16/2003 06:15:00,0.0069,10,0.0152,26,0.0091,11
03/16/2003 06:20:00,0.0044,6,0.0161,27,0.0104,19
03/16/2003 06:25:00,0.0099,15,0.0163,29,0.0134,14
03/16/2003 06:30:00,0.0115,17,0.0171,27,0.0118,15
03/16/2003 06:35:00,0.015,22,0.0216,33,0.0135,21
03/16/2003 06:40:00,0.0122,18,0.027,42,0.0144,19
03/16/2003 06:45:00,0.0161,25,0.0227,39,0.0107,18
03/16/2003 06:50:00,0.0115,17,0.0255,43,0.0107,15
03/16/2003 06:55:00,0.0117,17,0.0221,40,0.0107,15
03/16/2003 07:00:00,0.0109,17,0.0177,30,0.012,17
03/16/2003 07:05:00,0.0197,29,0.0322,52,0.0172,26
03/16/2003 07:10:00,0.0236,36,0.0336,52,0.0164,24
03/16/2003 07:15:00,0.0238,37,0.0305,51,0.0135,20
03/16/2003 07:20:00,0.0217,32,0.0317,54,0.0219,32
03/16/2003 07:25:00,0.0175,25,0.0207,37,0.0186,29
03/16/2003 07:30:00,0.0206,29,0.0268,45,0.0162,24
03/16/2003 07:35:00,0.0225,34,0.0326,55,0.0171,24
03/16/2003 07:40:00,0.0217,33,0.0329,53,0.0194,29
03/16/2003 07:45:00,0.0175,27,0.0202,36,0.0219,29
03/16/2003 07:50:00,0.0249,36,0.0279,49,0.0164,24
03/16/2003 07:55:00,0.0228,32,0.0248,42,0.0197,26
03/16/2003 08:00:00,0.0176,26,0.0232,40,0.0163,21
03/16/2003 08:05:00,0.0233,33,0.0272,46,0.0166,24
03/16/2003 08:10:00,0.0268,42,0.0256,46,0.0205,33
03/16/2003 08:15:00,0.0279,40,0.0291,48,0.0262,30
03/16/2003 08:20:00,0.0191,28,0.0282,45,0.0319,42
03/16/2003 08:25:00,0.0197,28,0.0275,46,0.024,35
03/16/2003 08:30:00,0.0231,36,0.0307,52,0.0166,28
03/16/2003 08:35:00,0.035,50,0.0374,64,0.025,41
03/16/2003 08:40:00,0.0223,36,0.0328,53,0.0236,36
03/16/2003 08:45:00,0.0291,45,0.0357,60,0.0246,36
03/16/2003 08:50:00,0.0259,40,0.0367,61,0.0255,34
03/16/2003 08:55:00,0.0272,37,0.0361,57,0.0272,35
03/16/2003 09:00:00,0.0279,38,0.0358,61,0.0265,38
03/16/2003 09:05:00,0.0234,35,0.0342,53,0.0226,33
03/16/2003 09:10:00,0.0279,40,0.0345,57,0.0296,40
03/16/2003 09:15:00,0.0222,33,0.0376,66,0.0298,50
03/16/2003 09:20:00,0.0328,45,0.0372,61,0.0311,42
03/16/2003 09:25:00,0.0301,43,0.0444,71,0.0302,43
03/16/2003 09:30:00,0.0267,39,0.0465,78,0.0311,44
03/16/2003 09:35:00,0.0404,61,0.0474,78,0.0358,48
03/16/2003 09:40:00,0.033,49,0.0466,71,0.0365,45
03/16/2003 09:45:00,0.0422,61,0.0534,85,0.0265,40
03/16/2003 09:50:00,0.044,63,0.0452,75,0.0336,41
03/16/2003 09:55:00,0.0351,52,0.0529,85,0.0352,49
03/16/2003 10:00:00,0.0374,55,0.0496,83,0.0316,47
03/16/2003 10:05:00,0.0432,61,0.0556,88,0.0368,47
03/16/2003 10:10:00,0.0342,50,0.0525,86,0.0346,50
03/16/2003 10:15:00,0.0335,49,0.045,76,0.0387,52
03/16/2003 10:20:00,0.0447,64,0.055,83,0.0323,51
03/16/2003 10:25:00,0.0413,62,0.0485,80,0.0414,55
03/16/2003 10:30:00,0.0423,60,0.0501,88,0.0436,59
03/16/2003 10:35:00,0.0464,68,0.0522,91,0.0422,62
03/16/2003 10:40:00,0.0428,61,0.0489,83,0.0376,54
03/16/2003 10:45:00,0.0582,84,0.0585,101,0.0362,50
03/16/2003 10:50:00,0.0564,79,0.0594,101,0.0485,52
03/16/2003 10:55:00,0.0484,71,0.0526,87,0.0367,55
03/16/2003 11:00:00,0.0505,70,0.049,82,0.0413,59
03/16/2003 11:05:00,0.0401,57,0.057,92,0.0409,53
03/16/2003 11:10:00,0.0724,100,0.0694,104,0.0401,55
03/16/2003 11:15:00,0.0678,88,0.0583,91,0.0468,61
03/16/2003 11:20:00,0.0623,82,0.0556,84,0.0432,57
03/16/2003 11:25:00,0.0638,85,0.0551,80,0.0423,57
03/16/2003 11:30:00,0.0622,82,0.0587,90,0.0392,47
03/16/2003 11:35:00,0.0603,81,0.0656,98,0.0406,53
03/16/2003 11:40:00,0.0513,71,0.057,86,0.0431,55
03/16/2003 11:45:00,0.0619,87,0.0519,80,0.0377,45
03/16/2003 11:50:00,0.0608,81,0.0634,91,0.0364,45
03/16/2003 11:55:00,0.0586,80,0.0554,87,0.0397,52
03/16/2003 12:00:00,0.042,60,0.0527,85,0.0335,52
03/16/2003 12:05:00,0.0498,69,0.0549,88,0.0331,56
03/16/2003 12:10:00,0.0653,87,0.0609,92,0.0385,52
03/16/2003 12:15:00,0.0664,88,0.0598,93,0.0454,58
03/16/2003 12:20:00,0.0708,91,0.0792,109,0.0435,59
03/16/2003 12:25:00,0.0663,87,0.0664,98,0.0489,73
03/16/2003 12:30:00,0.0677,90,0.063,87,0.0403,59
03/16/2003 12:35:00,0.0798,106,0.0655,93,0.0486,57
03/16/2003 12:40:00,0.0528,72,0.0553,84,0.042,60
03/16/2003 12:45:00,0.0577,78,0.0616,98,0.0455,62
03/16/2003 12:50:00,0.0701,95,0.0632,100,0.0429,59
03/16/2003 12:55:00,0.064,88,0.0744,118,0.0396,53
03/16/2003 13:00:00,0.0551,76,0.0547,86,0.0357,52
03/16/2003 13:05:00,0.0819,111,0.0625,100,0.0445,56
03/16/2003 13:10:00,0.058,81,0.0629,100,0.0421,60
03/16/2003 13:15:00,0.0778,108,0.065,103,0.0505,68
03/16/2003 13:20:00,0.0693,95,0.0641,97,0.0448,58
03/16/2003 13:25:00,0.0791,106,0.064,102,0.0549,76
03/16/2003 13:30:00,0.0604,83,0.0547,90,0.0379,52
03/16/2003 13:35:00,0.0478,69,0.0583,98,0.0388,55
03/16/2003 13:40:00,0.0484,69,0.0592,94,0.0505,70
03/16/2003 13:45:00,0.0651,98,0.0603,97,0.0438,60
03/16/2003 13:50:00,0.0678,97,0.0595,101,0.0495,68
03/16/2003 13:55:00,0.0583,83,0.0645,105,0.0378,55
03/16/2003 14:00:00,0.0584,85,0.06,97,0.0494,70
03/16/2003 14:05:00,0.0541,75,0.0561,92,0.0377,56
03/16/2003 14:10:00,0.0369,53,0.0555,94,0.0448,60
03/16/2003 14:15:00,0.0678,96,0.0614,104,0.045,69
03/16/2003 14:20:00,0.0549,77,0.0638,102,0.0483,70
03/16/2003 14:25:00,0.061,85,0.0559,91,0.0389,57
03/16/2003 14:30:00,0.0664,99,0.0625,107,0.0435,66
03/16/2003 14:35:00,0.046,67,0.0515,87,0.0419,61
03/16/2003 14:40:00,0.0546,81,0.0585,102,0.0454,65
03/16/2003 14:45:00,0.0492,71,0.0612,109,0.033,50
03/16/2003 14:50:00,0.0431,67,0.0528,90,0.0341,52
03/16/2003 14:55:00,0.0472,68,0.0553,94,0.0481,70
03/16/2003 15:00:00,0.0491,72,0.0619,104,0.0416,62
03/16/2003 15:05:00,0.0618,89,0.0599,90,0.041,60
03/16/2003 15:10:00,0.0531,78,0.0638,101,0.0468,67
03/16/2003 15:15:00,0.1218,166,0.0968,143,0.0605,90
03/16/2003 15:20:00,0.1589,157,0.1344,144,0.0851,94
03/16/2003 15:25:00,0.2715,138,0.2402,131,0.127,86
03/16/2003 15:30:00,0.3018,133,0.2799,128,0.1491,88
03/16/2003 15:35:00,0.2755,131,0.2421,118,0.1264,87
03/16/2003 15:40:00,0.2635,138,0.2162,123,0.111,79
03/16/2003 15:45:00,0.2441,136,0.1961,127,0.1349,85
03/16/2003 15:50:00,0.1794,130,0.1465,126,0.0769,72
03/16/2003 15:55:00,0.079,112,0.0759,121,0.0504,64
03/16/2003 16:00:00,0.0618,90,0.0657,111,0.0556,84
03/16/2003 16:05:00,0.0697,98,0.0627,103,0.0577,81
03/16/2003 16:10:00,0.0638,90,0.0736,123,0.0471,70
03/16/2003 16:15:00,0.0663,95,0.0607,104,0.0532,78
03/16/2003 16:20:00,0.0668,91,0.0745,123,0.0558,81
03/16/2003 16:25:00,0.064,88,0.0586,97,0.0509,71
03/16/2003 16:30:00,0.0698,102,0.0705,119,0.0486,73
03/16/2003 16:35:00,0.0636,91,0.066,113,0.0524,66
03/16/2003 16:40:00,0.0691,99,0.0635,109,0.0459,71
03/16/2003 16:45:00,0.0511,76,0.0598,103,0.0456,73
03/16/2003 16:50:00,0.0638,93,0.0552,95,0.0458,66
03/16/2003 16:55:00,0.0639,93,0.0759,119,0.0473,66
03/16/2003 17:00:00,0.0696,100,0.0686,108,0.0484,65
03/16/2003 17:05:00,0.0668,92,0.058,98,0.0599,86
03/16/2003 17:10:00,0.0875,125,0.0718,122,0.049,72
03/16/2003 17:15:00,0.072,103,0.0638,110,0.0477,71
03/16/2003 17:20:00,0.06,89,0.0548,87,0.0406,59
03/16/2003 17:25:00,0.0498,73,0.0517,89,0.0432,60
03/16/2003 17:30:00,0.06,86,0.0542,94,0.0472,68
03/16/2003 17:35:00,0.0558,79,0.0588,98,0.0417,61
03/16/2003 17:40:00,0.0573,84,0.0563,94,0.0348,53
03/16/2003 17:45:00,0.0726,103,0.0584,98,0.0399,56
03/16/2003 17:50:00,0.063,93,0.0586,99,0.0358,55
03/16/2003 17:55:00,0.0554,79,0.0547,94,0.0365,58
03/16/2003 18:00:00,0.0531,77,0.0553,93,0.0423,59
03/16/2003 18:05:00,0.0516,74,0.058,98,0.0427,62
03/16/2003 18:10:00,0.0496,72,0.0599,99,0.0516,65
03/16/2003 18:15:00,0.0478,73,0.0561,95,0.0373,59
03/16/2003 18:20:00,0.0459,67,0.055,90,0.0349,50
03/16/2003 18:25:00,0.0572,80,0.0506,82,0.0507,69
03/16/2003 18:30:00,0.0345,50,0.052,85,0.0364,54
03/16/2003 18:35:00,0.0561,78,0.0515,85,0.0452,58
03/16/2003 18:40:00,0.0397,60,0.0494,79,0.0278,44
03/16/2003 18:45:00,0.0578,83,0.0599,98,0.0446,61
03/16/2003 18:50:00,0.054,73,0.0596,94,0.0499,57
03/16/2003 18:55:00,0.0511,68,0.0569,86,0.0446,59
03/16/2003 19:00:00,0.0464,57,0.0553,81,0.0432,56
03/16/2003 19:05:00,0.0609,75,0.0559,81,0.0408,47
03/16/2003 19:10:00,0.0551,69,0.0651,91,0.0473,52
03/16/2003 19:15:00,0.0389,50,0.058,85,0.0327,47
03/16/2003 19:20:00,0.0441,56,0.0478,70,0.038,48
03/16/2003 19:25:00,0.0611,77,0.0677,95,0.0349,45
03/16/2003 19:30:00,0.0509,62,0.0424,68,0.0338,44
03/16/2003 19:35:00,0.0527,70,0.0587,85,0.0428,51
03/16/2003 19:40:00,0.0539,70,0.0527,83,0.0354,48
03/16/2003 19:45:00,0.0431,56,0.0571,84,0.04,53
03/16/2003 19:50:00,0.0451,61,0.052,81,0.0348,51
03/16/2003 19:55:00,0.0381,51,0.0443,67,0.0329,44
03/16/2003 20:00:00,0.0345,48,0.0536,85,0.0299,46
03/16/2003 20:05:00,0.0487,66,0.052,78,0.0341,47
03/16/2003 20:10:00,0.0575,72,0.0553,87,0.0357,52
03/16/2003 20:15:00,0.0332,44,0.041,69,0.0296,43
03/16/2003 20:20:00,0.0456,64,0.0445,72,0.0323,51
03/16/2003 20:25:00,0.0373,54,0.0464,75,0.0327,44
03/16/2003 20:30:00,0.0327,47,0.0369,58,0.0326,42
03/16/2003 20:35:00,0.0307,44,0.0474,75,0.0307,41
03/16/2003 20:40:00,0.0432,59,0.0372,59,0.0274,40
03/16/2003 20:45:00,0.0367,53,0.0425,69,0.0344,41
03/16/2003 20:50:00,0.0309,45,0.0431,73,0.0299,39
03/16/2003 20:55:00,0.0245,34,0.0413,65,0.0275,35
03/16/2003 21:00:00,0.038,51,0.0406,68,0.0398,50
03/16/2003 21:05:00,0.0322,45,0.0397,66,0.0369,50
03/16/2003 21:10:00,0.0406,58,0.0422,70,0.0366,53
03/16/2003 21:15:00,0.026,37,0.038,62,0.0279,39
03/16/2003 21:20:00,0.0302,44,0.034,56,0.0291,45
03/16/2003 21:25:00,0.0357,51,0.0392,65,0.0345,49
03/16/2003 21:30:00,0.0277,40,0.0359,59,0.0258,36
03/16/2003 21:35:00,0.0342,47,0.0333,56,0.0345,43
03/16/2003 21:40:00,0.0262,37,0.0406,67,0.0288,37
03/16/2003 21:45:00,0.0244,36,0.0373,63,0.0286,42
03/16/2003 21:50:00,0.0403,58,0.036,62,0.0272,38
03/16/2003 21:55:00,0.0232,34,0.037,62,0.0262,34
03/16/2003 22:00:00,0.0191,28,0.0288,45,0.0279,37
03/16/2003 22:05:00,0.0245,36,0.0322,56,0.0243,38
03/16/2003 22:10:00,0.0308,43,0.0423,70,0.0311,46
03/16/2003 22:15:00,0.0262,38,0.0317,50,0.0207,33
03/16/2003 22:20:00,0.0147,20,0.0327,49,0.022,30
03/16/2003 22:25:00,0.0257,38,0.0279,48,0.0195,29
03/16/2003 22:30:00,0.0206,30,0.0331,52,0.0257,34
03/16/2003 22:35:00,0.0228,32,0.0314,50,0.0215,27
03/16/2003 22:40:00,0.0206,29,0.0282,47,0.0129,21
03/16/2003 22:45:00,0.0162,25,0.0257,40,0.0144,22
03/16/2003 22:50:00,0.0138,18,0.025,41,0.0177,20
03/16/2003 22:55:00,0.0169,24,0.0257,45,0.0147,25
03/16/2003 23:00:00,0.016,22,0.0324,49,0.017,24
03/16/2003 23:05:00,0.0182,24,0.0301,50,0.0169,25
03/16/2003 23:10:00,0.0146,19,0.0237,40,0.0187,25
03/16/2003 23:15:00,0.0131,18,0.0188,33,0.0185,23
03/16/2003 23:20:00,0.0111,16,0.0224,38,0.0182,27
03/16/2003 23:25:00,0.0121,17,0.025,42,0.0153,24
03/16/2003 23:30:00,0.0113,15,0.0208,35,0.0137,17
03/16/2003 23:35:00,0.0174,23,0.021,34,0.0225,26
03/16/2003 23:40:00,0.0068,10,0.0234,39,0.0117,19
03/16/2003 23:45:00,0.0097,15,0.0139,23,0.0189,21
03/16/2003 23:50:00,0.01,15,0.0153,27,0.0134,20
03/16/2003 23:55:00,0.0098,14,0.0208,34,0.0109,18
03/17/2003 00:00:00,0.0068,9,0.0194,32,0.0087,15
03/17/2003 00:05:00,0.007,9,0.0099,17,0.0119,14
03/17/2003 00:10:00,0.0063,9,0.0129,23,0.0138,16
03/17/2003 00:15:00,0.0101,15,0.0203,34,0.011,19
03/17/2003 00:20:00,0.01,14,0.019,30,0.0135,16
03/17/2003 00:25:00,0.0081,12,0.0186,31,0.0075,12
03/17/2003 00:30:00,0.0068,9,0.0166,26,0.0139,17
03/17/2003 00:35:00,0.0047,7,0.0134,21,0.0102,16
03/17/2003 00:40:00,0.0102,13,0.0127,22,0.0141,14
03/17/2003 00:45:00,0.0036,6,0.0149,25,0.0117,15
03/17/2003 00:50:00,0.0019,3,0.0099,16,0.0113,8
03/17/2003 00:55:00,0.0035,5,0.0082,14,0.0087,11
03/17/2003 01:00:00,0.0012,2,0.0118,20,0.0092,6
03/17/2003 01:05:00,0.0052,8,0.007,12,0.0083,10
03/17/2003 01:10:00,0.0006,1,0.0096,14,0.0056,9
03/17/2003 01:15:00,0.0031,4,0.0062,11,0.0136,12
03/17/2003 01:20:00,0.0033,5,0.0049,9,0.0088,10
03/17/2003 01:25:00,0.0022,4,0.0089,12,0.0187,13
03/17/2003 01:30:00,0.0022,4,0.0043,8,0.0103,14
03/17/2003 01:35:00,0.0018,3,0.004,7,0.0083,7
03/17/2003 01:40:00,0.003,4,0.0058,10,0.0043,5
03/17/2003 01:45:00,0.0033,5,0.0091,14,0.0053,9
03/17/2003 01:50:00,0.0031,5,0.0107,12,0.0118,12
03/17/2003 01:55:00,0.0059,9,0.0052,8,0.0081,7
03/17/2003 02:00:00,0,0,0.0061,7,0.0075,13
03/17/2003 02:05:00,0.0006,1,0.0088,12,0.0048,5
03/17/2003 02:10:00,0,0,0.0033,6,0.0057,6
03/17/2003 02:15:00,0.0032,5,0.0035,6,0.0121,11
03/17/2003 02:20:00,0.0013,2,0.008,14,0.0081,7
03/17/2003 02:25:00,0.0007,1,0.0087,12,0.0082,6
03/17/2003 02:30:00,0.0031,4,0.0068,11,0.0092,7
03/17/2003 02:35:00,0.0011,2,0.0041,7,0.0097,6
03/17/2003 02:40:00,0.0025,4,0.0083,12,0.0145,11
03/17/2003 02:45:00,0.0017,2,0.0045,7,0.0092,6
03/17/2003 02:50:00,0,0,0.0042,5,0.0127,8
03/17/2003 02:55:00,0.0034,5,0.0034,6,0.0116,8
03/17/2003 03:00:00,0.0017,3,0.0074,8,0.0076,8
03/17/2003 03:05:00,0.0018,3,0.0031,5,0.0072,6
03/17/2003 03:10:00,0.0014,2,0.0064,8,0.012,11
03/17/2003 03:15:00,0.0014,2,0.0051,7,0.0038,4
03/17/2003 03:20:00,0.0012,2,0.0062,11,0.0027,5
03/17/2003 03:25:00,0.0013,2,0.0074,13,0.0129,8
03/17/2003 03:30:00,0.002,3,0.0051,9,0.0065,5
03/17/2003 03:35:00,0.0009,1,0.0103,12,0.0134,10
03/17/2003 03:40:00,0.0006,1,0.0067,11,0.0082,7
03/17/2003 03:45:00,0.0006,1,0.0068,8,0.0034,3
03/17/2003 03:50:00,0.0024,3,0.005,9,0.012,7
03/17/2003 03:55:00,0.0006,1,0.0057,9,0.0016,3
03/17/2003 04:00:00,0.0027,4,0.0049,5,0.0123,10
03/17/2003 04:05:00,0.0023,3,0.0076,10,0.0057,4
03/17/2003 04:10:00,0.0028,4,0.0113,18,0.0095,7
03/17/2003 04:15:00,0.0014,2,0.0084,13,0.0109,6
03/17/2003 04:20:00,0.0011,2,0.0064,8,0.0118,9
03/17/2003 04:25:00,0.0047,6,0.0071,9,0.0164,8
03/17/2003 04:30:00,0.0057,8,0.0205,23,0.0124,10
03/17/2003 04:35:00,0.0022,3,0.0164,27,0.0078,10
03/17/2003 04:40:00,0.004,5,0.0132,18,0.0104,15
03/17/2003 04:45:00,0.0044,7,0.0124,19,0.019,17
03/17/2003 04:50:00,0.0032,5,0.0086,15,0.0189,14
03/17/2003 04:55:00,0.0041,6,0.0118,12,0.0132,12
03/17/2003 05:00:00,0.0046,6,0.0131,16,0.0132,11
03/17/2003 05:05:00,0.0072,8,0.0137,24,0.017,18
03/17/2003 05:10:00,0.0131,18,0.0285,39,0.0246,21
03/17/2003 05:15:00,0.0087,13,0.0236,35,0.0195,20
03/17/2003 05:20:00,0.0081,13,0.0183,28,0.0198,17
03/17/2003 05:25:00,0.0115,16,0.0236,35,0.0244,24
03/17/2003 05:30:00,0.0168,23,0.028,44,0.0322,25
03/17/2003 05:35:00,0.0119,17,0.0333,48,0.0313,28
03/17/2003 05:40:00,0.0241,34,0.0343,56,0.0296,30
03/17/2003 05:45:00,0.0336,46,0.0388,62,0.0335,27
03/17/2003 05:50:00,0.0237,32,0.0412,64,0.0462,37
03/17/2003 05:55:00,0.0227,30,0.038,60,0.0296,30
03/17/2003 06:00:00,0.0263,36,0.0344,53,0.029,33
03/17/2003 06:05:00,0.0358,48,0.0466,72,0.0342,38
03/17/2003 06:10:00,0.0428,59,0.046,76,0.042,40
03/17/2003 06:15:00,0.0415,61,0.0494,72,0.039,45
03/17/2003 06:20:00,0.0558,79,0.0583,94,0.0492,44
03/17/2003 06:25:00,0.0506,72,0.0634,92,0.0395,34
03/17/2003 06:30:00,0.0557,78,0.0564,90,0.04,45
03/17/2003 06:35:00,0.0791,115,0.0655,105,0.0534,47
03/17/2003 06:40:00,0.061,87,0.0565,83,0.0383,43
03/17/2003 06:45:00,0.1011,139,0.0704,103,0.0601,57
03/17/2003 06:50:00,0.0839,119,0.0727,105,0.0523,50
03/17/2003 06:55:00,0.0672,96,0.062,99,0.0469,42
03/17/2003 07:00:00,0.0768,111,0.078,112,0.0371,48
03/17/2003 07:05:00,0.0893,125,0.0833,126,0.0493,54
03/17/2003 07:10:00,0.0767,111,0.0675,107,0.0487,63
03/17/2003 07:15:00,0.1045,148,0.0847,125,0.0549,67
03/17/2003 07:20:00,0.0747,109,0.068,109,0.0427,46
03/17/2003 07:25:00,0.1037,150,0.0842,136,0.0514,66
03/17/2003 07:30:00,0.0994,145,0.0828,129,0.0619,68
03/17/2003 07:35:00,0.116,163,0.089,134,0.0625,67
03/17/2003 07:40:00,0.1202,168,0.0978,148,0.061,70
03/17/2003 07:45:00,0.1103,153,0.0832,130,0.0577,75
03/17/2003 07:50:00,0.0992,138,0.0808,123,0.0632,72
03/17/2003 07:55:00,0.0946,134,0.0729,114,0.056,67
03/17/2003 08:00:00,0.0757,109,0.076,119,0.0584,61
03/17/2003 08:05:00,0.0812,115,0.0732,115,0.0565,61
03/17/2003 08:10:00,0.089,128,0.0755,120,0.0596,67
03/17/2003 08:15:00,0.0792,116,0.0715,110,0.0539,70
03/17/2003 08:20:00,0.0684,104,0.0725,117,0.0432,53
03/17/2003 08:25:00,0.0561,87,0.0678,111,0.0433,56
03/17/2003 08:30:00,0.0669,96,0.0697,104,0.0468,60
03/17/2003 08:35:00,0.0759,106,0.0806,121,0.0578,55
03/17/2003 08:40:00,0.0687,102,0.0602,100,0.051,54
03/17/2003 08:45:00,0.0602,86,0.067,105,0.0493,49
03/17/2003 08:50:00,0.0534,77,0.0621,92,0.0524,54
03/17/2003 08:55:00,0.0583,84,0.062,86,0.0654,63
03/17/2003 09:00:00,0.0598,88,0.0614,91,0.0457,51
03/17/2003 09:05:00,0.0365,53,0.053,86,0.0479,59
03/17/2003 09:10:00,0.0534,76,0.0652,98,0.0472,48
03/17/2003 09:15:00,0.0469,67,0.0639,95,0.061,61
03/17/2003 09:20:00,0.0542,77,0.0677,97,0.0585,48
03/17/2003 09:25:00,0.0382,56,0.0522,84,0.0457,51
03/17/2003 09:30:00,0.0482,69,0.0671,98,0.0574,54
03/17/2003 09:35:00,0.0562,78,0.0637,95,0.0563,54
03/17/2003 09:40:00,0.0642,90,0.0594,94,0.0661,68
03/17/2003 09:45:00,0.0462,68,0.0639,102,0.0575,63
03/17/2003 09:50:00,0.0428,64,0.0535,83,0.0484,47
03/17/2003 09:55:00,0.0588,84,0.0627,96,0.0587,56
03/17/2003 10:00:00,0.0459,67,0.0591,90,0.055,59
03/17/2003 10:05:00,0.0443,63,0.0655,92,0.0566,61
03/17/2003 10:10:00,0.0581,82,0.0658,92,0.059,61
03/17/2003 10:15:00,0.0485,65,0.0574,90,0.0559,62
03/17/2003 10:20:00,0.0636,88,0.0615,95,0.0515,50
03/17/2003 10:25:00,0.0529,78,0.0545,89,0.0503,54
03/17/2003 10:30:00,0.0554,77,0.0657,95,0.0522,58
03/17/2003 10:35:00,0.0492,68,0.0699,109,0.0514,54
03/17/2003 10:40:00,0.0526,75,0.0673,106,0.053,59
03/17/2003 10:45:00,0.049,69,0.0646,98,0.0579,61
03/17/2003 10:50:00,0.0487,70,0.0676,101,0.0643,66
03/17/2003 10:55:00,0.0495,69,0.0585,93,0.062,57
03/17/2003 11:00:00,0.0468,66,0.0596,84,0.0562,64
03/17/2003 11:05:00,0.0536,77,0.0643,99,0.0658,62
03/17/2003 11:10:00,0.0533,77,0.0701,104,0.059,66
03/17/2003 11:15:00,0.048,70,0.0691,103,0.0627,66
03/17/2003 11:20:00,0.0649,93,0.077,113,0.0566,65
03/17/2003 11:25:00,0.0598,81,0.0704,103,0.0661,66
03/17/2003 11:30:00,0.0604,86,0.076,103,0.0597,64
03/17/2003 11:35:00,0.0655,91,0.0696,101,0.0616,57
03/17/2003 11:40:00,0.0691,95,0.0706,99,0.059,58
03/17/2003 11:45:00,0.0599,83,0.0713,105,0.0595,75
03/17/2003 11:50:00,0.0629,87,0.0682,94,0.05,52
03/17/2003 11:55:00,0.0645,94,0.0799,109,0.0769,70
03/17/2003 12:00:00,0.0527,76,0.0641,94,0.0633,69
03/17/2003 12:05:00,0.0601,84,0.0697,109,0.0677,74
03/17/2003 12:10:00,0.053,74,0.0629,94,0.0579,70
03/17/2003 12:15:00,0.0822,113,0.0737,113,0.0706,69
03/17/2003 12:20:00,0.0689,98,0.0654,97,0.0629,60
03/17/2003 12:25:00,0.0696,97,0.0723,103,0.0684,70
03/17/2003 12:30:00,0.0722,100,0.0672,102,0.06,62
03/17/2003 12:35:00,0.0544,78,0.0645,100,0.0498,56
03/17/2003 12:40:00,0.0735,102,0.0917,121,0.0699,70
03/17/2003 12:45:00,0.0682,98,0.087,122,0.0618,64
03/17/2003 12:50:00,0.0599,83,0.0651,101,0.0532,56
03/17/2003 12:55:00,0.0578,79,0.0787,111,0.0605,65
03/17/2003 13:00:00,0.0611,86,0.0789,104,0.0582,58
03/17/2003 13:05:00,0.061,88,0.0719,116,0.0644,68
03/17/2003 13:10:00,0.0818,114,0.0789,118,0.0565,67
03/17/2003 13:15:00,0.0699,94,0.0799,113,0.075,86
03/17/2003 13:20:00,0.0672,95,0.0649,101,0.0622,64
03/17/2003 13:25:00,0.0522,75,0.0689,98,0.0615,69
03/17/2003 13:30:00,0.0676,96,0.0705,107,0.0554,69
03/17/2003 13:35:00,0.0621,88,0.0732,114,0.071,74
03/17/2003 13:40:00,0.0899,127,0.0765,107,0.0732,75
03/17/2003 13:45:00,0.0694,98,0.0766,120,0.0612,71
03/17/2003 13:50:00,0.0813,110,0.0726,96,0.0687,80
03/17/2003 13:55:00,0.0546,80,0.0738,110,0.0632,79
03/17/2003 14:00:00,0.0703,98,0.0799,111,0.073,73
03/17/2003 14:05:00,0.0817,119,0.0809,119,0.061,73
03/17/2003 14:10:00,0.0611,86,0.0728,116,0.0577,66
03/17/2003 14:15:00,0.0909,127,0.0827,122,0.0751,79
03/17/2003 14:20:00,0.0677,98,0.0762,109,0.0649,69
03/17/2003 14:25:00,0.0842,116,0.0759,106,0.0625,76
03/17/2003 14:30:00,0.0773,111,0.0758,126,0.0587,71
03/17/2003 14:35:00,0.0842,115,0.0949,135,0.0736,79
03/17/2003 14:40:00,0.104,144,0.0938,134,0.0731,89
03/17/2003 14:45:00,0.0916,128,0.0874,140,0.0746,82
03/17/2003 14:50:00,0.0867,118,0.0821,125,0.0625,78
03/17/2003 14:55:00,0.1149,153,0.0905,132,0.0695,94
03/17/2003 15:00:00,0.0963,133,0.0829,116,0.0839,86
03/17/2003 15:05:00,0.1154,151,0.0951,134,0.0814,96
03/17/2003 15:10:00,0.139,183,0.113,156,0.0843,92
03/17/2003 15:15:00,0.0941,128,0.0776,118,0.076,78
03/17/2003 15:20:00,0.1216,163,0.0951,138,0.0666,85
03/17/2003 15:25:00,0.1299,171,0.1059,142,0.0745,91
03/17/2003 15:30:00,0.1174,160,0.1048,145,0.0722,90
03/17/2003 15:35:00,0.1296,176,0.1092,150,0.071,88
03/17/2003 15:40:00,0.1342,177,0.1151,169,0.0859,106
03/17/2003 15:45:00,0.1744,203,0.1157,146,0.0919,114
03/17/2003 15:50:00,0.2294,162,0.195,151,0.1293,125
03/17/2003 15:55:00,0.2668,150,0.2138,149,0.1682,127
03/17/2003 16:00:00,0.2732,162,0.2363,147,0.1886,119
03/17/2003 16:05:00,0.2908,149,0.211,117,0.1836,112
03/17/2003 16:10:00,0.247,162,0.1925,145,0.1633,119
03/17/2003 16:15:00,0.2848,140,0.2577,133,0.235,103
03/17/2003 16:20:00,0.2472,173,0.196,148,0.1724,130
03/17/2003 16:25:00,0.2552,163,0.1808,133,0.1625,117
03/17/2003 16:30:00,0.131,153,0.099,123,0.0761,84
03/17/2003 16:35:00,0.1256,159,0.1026,149,0.0797,93
03/17/2003 16:40:00,0.1525,171,0.1203,158,0.0833,102
03/17/2003 16:45:00,0.1484,170,0.115,146,0.0892,108
03/17/2003 16:50:00,0.1218,156,0.0894,130,0.083,104
03/17/2003 16:55:00,0.1139,148,0.0907,124,0.0778,100
03/17/2003 17:00:00,0.1062,143,0.0905,127,0.0665,88
03/17/2003 17:05:00,0.1231,156,0.0963,141,0.079,95
03/17/2003 17:10:00,0.23,153,0.1816,137,0.1564,98
03/17/2003 17:15:00,0.2844,144,0.2555,131,0.2814,91
03/17/2003 17:20:00,0.2672,135,0.2336,120,0.2629,110
03/17/2003 17:25:00,0.292,145,0.2462,127,0.292,106
03/17/2003 17:30:00,0.2483,145,0.2009,131,0.1892,108
03/17/2003 17:35:00,0.1299,154,0.0996,119,0.0699,90
03/17/2003 17:40:00,0.1016,139,0.0867,124,0.0783,92
03/17/2003 17:45:00,0.0957,127,0.0718,109,0.0734,79
03/17/2003 17:50:00,0.0844,114,0.0678,113,0.0522,73
03/17/2003 17:55:00,0.0812,112,0.0699,106,0.0544,71
03/17/2003 18:00:00,0.0633,89,0.0582,86,0.0506,57
03/17/2003 18:05:00,0.0827,113,0.075,116,0.0629,69
03/17/2003 18:10:00,0.0868,121,0.0754,110,0.048,67
03/17/2003 18:15:00,0.0846,118,0.0808,120,0.0606,76
03/17/2003 18:20:00,0.0609,87,0.0615,100,0.0546,73
03/17/2003 18:25:00,0.0776,110,0.0657,98,0.0636,79
03/17/2003 18:30:00,0.0696,95,0.0647,105,0.0495,58
03/17/2003 18:35:00,0.0663,93,0.0668,102,0.0393,50
03/17/2003 18:40:00,0.077,106,0.0549,91,0.0484,62
03/17/2003 18:45:00,0.0601,83,0.0615,94,0.0508,58
03/17/2003 18:50:00,0.0651,88,0.0615,90,0.0637,71
03/17/2003 18:55:00,0.0477,69,0.0579,95,0.0561,64
03/17/2003 19:00:00,0.0567,78,0.0501,75,0.0461,53
03/17/2003 19:05:00,0.0577,80,0.0611,94,0.0525,62
03/17/2003 19:10:00,0.0557,80,0.0562,92,0.0459,54
03/17/2003 19:15:00,0.0439,66,0.0531,84,0.0471,56
03/17/2003 19:20:00,0.0377,52,0.0506,79,0.0416,38
03/17/2003 19:25:00,0.0327,49,0.0475,81,0.0449,53
03/17/2003 19:30:00,0.0552,79,0.0469,80,0.0465,56
03/17/2003 19:35:00,0.0398,56,0.0452,73,0.0392,50
03/17/2003 19:40:00,0.0486,67,0.0585,81,0.0541,58
03/17/2003 19:45:00,0.0382,55,0.0442,73,0.0383,52
03/17/2003 19:50:00,0.0363,52,0.0443,78,0.0365,44
03/17/2003 19:55:00,0.0289,38,0.0389,66,0.0365,41
03/17/2003 20:00:00,0.0332,48,0.0359,62,0.0313,42
03/17/2003 20:05:00,0.0328,45,0.045,67,0.0323,39
03/17/2003 20:10:00,0.032,46,0.0516,81,0.0422,45
03/17/2003 20:15:00,0.0263,37,0.0411,68,0.0264,37
03/17/2003 20:20:00,0.033,46,0.0542,84,0.0478,47
03/17/2003 20:25:00,0.0328,44,0.0409,65,0.0415,49
03/17/2003 20:30:00,0.0312,43,0.0415,64,0.0399,48
03/17/2003 20:35:00,0.0282,41,0.0387,60,0.0268,36
03/17/2003 20:40:00,0.0331,46,0.0441,67,0.0348,48
03/17/2003 20:45:00,0.0301,42,0.0397,67,0.0349,48
03/17/2003 20:50:00,0.0254,36,0.0398,64,0.0394,45
03/17/2003 20:55:00,0.0227,30,0.0439,71,0.0414,47
03/17/2003 21:00:00,0.0241,34,0.0464,67,0.032,40
03/17/2003 21:05:00,0.0174,25,0.0367,57,0.0397,49
03/17/2003 21:10:00,0.0257,37,0.035,56,0.0401,46
03/17/2003 21:15:00,0.0244,35,0.033,54,0.0222,30
03/17/2003 21:20:00,0.0243,34,0.0472,71,0.0288,38
03/17/2003 21:25:00,0.0182,27,0.0362,61,0.0322,39
03/17/2003 21:30:00,0.0215,30,0.0378,64,0.0301,34
03/17/2003 21:35:00,0.0207,28,0.0289,46,0.0307,26
03/17/2003 21:40:00,0.0149,22,0.0291,49,0.0311,36
03/17/2003 21:45:00,0.0132,19,0.0243,42,0.0318,39
03/17/2003 21:50:00,0.0221,31,0.0343,56,0.0344,45
03/17/2003 21:55:00,0.0222,29,0.0268,47,0.0256,31
03/17/2003 22:00:00,0.0338,44,0.0381,60,0.0354,42
03/17/2003 22:05:00,0.019,26,0.0337,56,0.0368,42
03/17/2003 22:10:00,0.0248,35,0.0299,48,0.0229,36
03/17/2003 22:15:00,0.0282,40,0.0341,56,0.0293,36
03/17/2003 22:20:00,0.0144,22,0.0322,54,0.0214,26
03/17/2003 22:25:00,0.0271,41,0.028,40,0.0425,34
03/17/2003 22:30:00,0.019,27,0.0286,48,0.0306,37
03/17/2003 22:35:00,0.0181,26,0.0327,53,0.022,35
03/17/2003 22:40:00,0.019,27,0.0333,56,0.0255,28
03/17/2003 22:45:00,0.0159,24,0.0208,38,0.0203,26
03/17/2003 22:50:00,0.0181,27,0.0224,36,0.0298,29
03/17/2003 22:55:00,0.0092,14,0.0222,38,0.0231,26
03/17/2003 23:00:00,0.0066,9,0.0163,28,0.021,24
03/17/2003 23:05:00,0.0129,18,0.0244,42,0.0181,21
03/17/2003 23:10:00,0.0173,26,0.0278,47,0.0348,33
03/17/2003 23:15:00,0.0122,17,0.0283,40,0.0203,24
03/17/2003 23:20:00,0.0152,23,0.0232,39,0.027,25
03/17/2003 23:25:00,0.0132,18,0.0207,31,0.0196,23
03/17/2003 23:30:00,0.0141,21,0.0189,34,0.0197,20
03/17/2003 23:35:00,0.0053,8,0.0214,34,0.0129,19
03/17/2003 23:40:00,0.0138,20,0.0232,39,0.0186,25
03/17/2003 23:45:00,0.0152,23,0.0221,38,0.0163,18
03/17/2003 23:50:00,0.0116,17,0.0181,32,0.0182,23
03/17/2003 23:55:00,0.0063,8,0.0165,30,0.0215,23
03/18/2003 00:00:00,0.005,7,0.0191,26,0.014,14
03/18/2003 00:05:00,0.0135,20,0.0196,35,0.0277,25
03/18/2003 00:10:00,0.0063,9,0.0161,29,0.0131,22
03/18/2003 00:15:00,0.0061,9,0.0147,25,0.0142,13
03/18/2003 00:20:00,0.008,12,0.0181,28,0.0207,19
03/18/2003 00:25:00,0.007,11,0.0154,22,0.0121,16
03/18/2003 00:30:00,0.004,6,0.0124,22,0.0172,20
03/18/2003 00:35:00,0.0053,8,0.0116,21,0.0132,16
03/18/2003 00:40:00,0.0063,8,0.0138,20,0.0098,11
03/18/2003 00:45:00,0.005,7,0.0136,22,0.0073,9
03/18/2003 00:50:00,0.0018,3,0.0076,13,0.0157,14
03/18/2003 00:55:00,0.0034,5,0.0116,20,0.0155,17
03/18/2003 01:00:00,0.0052,7,0.0072,13,0.016,17
03/18/2003 01:05:00,0.0021,3,0.0099,17,0.0076,11
03/18/2003 01:10:00,0.0029,4,0.0082,15,0.0088,11
03/18/2003 01:15:00,0.0013,2,0.0101,16,0.0091,11
03/18/2003 01:20:00,0.0045,6,0.0115,18,0.0114,11
03/18/2003 01:25:00,0.0018,2,0.0091,15,0.0076,7
03/18/2003 01:30:00,0.0012,2,0.0079,14,0.0147,10
03/18/2003 01:35:00,0.0039,5,0.0085,14,0.0147,10
03/18/2003 01:40:00,0.0011,1,0.0141,18,0.0146,14
03/18/2003 01:45:00,0.0028,4,0.0073,13,0.0053,6
03/18/2003 01:50:00,0.0027,4,0.007,9,0.0128,9
03/18/2003 01:55:00,0.0012,2,0.0085,15,0.0105,11
03/18/2003 02:00:00,0.0012,2,0.0047,8,0.0103,10
03/18/2003 02:05:00,0.0013,2,0.0103,14,0.0088,13
03/18/2003 02:10:00,0.0014,2,0.0063,10,0.0097,11
03/18/2003 02:15:00,0.0007,1,0.0065,11,0.0124,9
03/18/2003 02:20:00,0.0029,5,0.0121,14,0.0217,17
03/18/2003 02:25:00,0.0033,6,0.0083,14,0.0088,8
03/18/2003 02:30:00,0.0014,2,0.0093,11,0.0126,11
03/18/2003 02:35:00,0.0022,4,0.0073,12,0.0107,13
03/18/2003 02:40:00,0.0026,4,0.0113,13,0.0092,7
03/18/2003 02:45:00,0.0031,4,0.0081,11,0.0149,9
03/18/2003 02:50:00,0.0026,4,0.0085,13,0.0109,8
03/18/2003 02:55:00,0.002,3,0.0046,8,0.0117,10
03/18/2003 03:00:00,0.0007,1,0.0074,9,0.0133,8
03/18/2003 03:05:00,0.0027,4,0.0057,7,0.0097,7
03/18/2003 03:10:00,0.0007,1,0.0043,7,0.0087,7
03/18/2003 03:15:00,0.0026,4,0.0056,10,0.0153,7
03/18/2003 03:20:00,0.0006,1,0.0021,4,0.0077,7
03/18/2003 03:25:00,0.0008,1,0.0078,12,0.0145,9
03/18/2003 03:30:00,0.0013,2,0.0043,8,0.0305,13
03/18/2003 03:35:00,0,0,0.0069,9,0.0126,10
03/18/2003 03:40:00,0.003,4,0.0079,12,0.0133,10
03/18/2003 03:45:00,0.001,1,0.0061,10,0.0174,13
03/18/2003 03:50:00,0,0,0.0054,9,0.0111,8
03/18/2003 03:55:00,0,0,0.0051,7,0.0213,16
03/18/2003 04:00:00,0.001,1,0.0085,11,0.0113,8
03/18/2003 04:05:00,0.0008,1,0.0059,9,0.0135,8
03/18/2003 04:10:00,0.0023,3,0.0043,8,0.0171,10
03/18/2003 04:15:00,0.0013,2,0.0071,11,0.0174,13
03/18/2003 04:20:00,0.0019,3,0.015,16,0.0229,14
03/18/2003 04:25:00,0.0049,6,0.0144,20,0.0161,10
03/18/2003 04:30:00,0.0012,2,0.0099,12,0.0156,12
03/18/2003 04:35:00,0.0014,2,0.0082,14,0.0241,19
03/18/2003 04:40:00,0.0061,9,0.0117,19,0.0232,15
03/18/2003 04:45:00,0.0037,5,0.016,22,0.013,11
03/18/2003 04:50:00,0.0047,6,0.0177,22,0.0182,15
03/18/2003 04:55:00,0.0042,6,0.0103,15,0.0262,18
03/18/2003 05:00:00,0.0047,7,0.013,16,0.0228,18
03/18/2003 05:05:00,0.0058,7,0.0131,19,0.0248,16
03/18/2003 05:10:00,0.0102,15,0.0262,30,0.0438,27
03/18/2003 05:15:00,0.0096,13,0.0174,25,0.02,20
03/18/2003 05:20:00,0.0107,16,0.0237,36,0.0271,27
03/18/2003 05:25:00,0.0095,13,0.0318,45,0.0309,23
03/18/2003 05:30:00,0.0154,21,0.0281,45,0.0284,21
03/18/2003 05:35:00,0.0228,31,0.0339,49,0.0302,29
03/18/2003 05:40:00,0.0279,39,0.0348,55,0.0325,38
03/18/2003 05:45:00,0.0221,29,0.0367,60,0.0293,31
03/18/2003 05:50:00,0.0327,46,0.0327,53,0.0362,31
03/18/2003 05:55:00,0.0215,29,0.0376,56,0.0335,33
03/18/2003 06:00:00,0.0284,40,0.0416,64,0.0391,33
03/18/2003 06:05:00,0.031,42,0.0505,74,0.0543,44
03/18/2003 06:10:00,0.0495,71,0.0515,78,0.0398,40
03/18/2003 06:15:00,0.0376,56,0.0484,75,0.0441,45
03/18/2003 06:20:00,0.0597,83,0.0539,90,0.0376,40
03/18/2003 06:25:00,0.063,85,0.0568,80,0.0533,52
03/18/2003 06:30:00,0.0733,103,0.0673,106,0.0398,42
03/18/2003 06:35:00,0.076,107,0.0524,80,0.0465,51
03/18/2003 06:40:00,0.0809,114,0.0688,100,0.0627,60
03/18/2003 06:45:00,0.0877,125,0.065,91,0.0563,56
03/18/2003 06:50:00,0.0665,95,0.0683,98,0.0495,48
03/18/2003 06:55:00,0.0762,104,0.0721,101,0.0526,45
03/18/2003 07:00:00,0.0758,107,0.0738,104,0.0518,52
03/18/2003 07:05:00,0.083,111,0.0796,123,0.0565,65
03/18/2003 07:10:00,0.1105,143,0.0841,119,0.052,59
03/18/2003 07:15:00,0.1251,163,0.0919,133,0.0693,73
03/18/2003 07:20:00,0.117,160,0.0915,126,0.0559,61
03/18/2003 07:25:00,0.1137,157,0.0862,116,0.0541,69
03/18/2003 07:30:00,0.1223,165,0.0866,133,0.0628,74
03/18/2003 07:35:00,0.13,176,0.093,139,0.0825,90
03/18/2003 07:40:00,0.133,170,0.1022,143,0.0632,75
03/18/2003 07:45:00,0.3694,108,0.2608,79,0.3729,48
03/18/2003 07:50:00,0.4519,93,0.414,64,0.4651,38
03/18/2003 07:55:00,0.4469,106,0.3473,70,0.4834,34
03/18/2003 08:00:00,0.3949,99,0.3847,65,0.5011,48
03/18/2003 08:05:00,0.4292,101,0.3823,66,0.4758,33
03/18/2003 08:10:00,0.4586,89,0.3614,63,0.5102,36
03/18/2003 08:15:00,0.4392,86,0.4239,57,0.4223,35
03/18/2003 08:20:00,0.2722,134,0.2626,120,0.257,78
03/18/2003 08:25:00,0.2808,160,0.2392,147,0.2551,114
03/18/2003 08:30:00,0.2064,130,0.1645,112,0.137,87
03/18/2003 08:35:00,0.0758,104,0.073,115,0.0612,59
03/18/2003 08:40:00,0.0788,109,0.0682,98,0.0664,70
03/18/2003 08:45:00,0.0755,104,0.0688,105,0.0645,60
03/18/2003 08:50:00,0.0717,105,0.0782,110,0.0572,62
03/18/2003 08:55:00,0.0527,74,0.0617,101,0.0439,51
03/18/2003 09:00:00,0.0537,78,0.0692,103,0.0575,64
03/18/2003 09:05:00,0.0485,69,0.0564,88,0.0495,59
03/18/2003 09:10:00,0.0552,77,0.0589,94,0.0549,64
03/18/2003 09:15:00,0.0516,73,0.0539,81,0.0547,56
03/18/2003 09:20:00,0.0505,70,0.0654,100,0.0569,53
03/18/2003 09:25:00,0.0508,72,0.0563,91,0.0586,64
03/18/2003 09:30:00,0.0451,64,0.0698,107,0.0568,61
03/18/2003 09:35:00,0.0462,66,0.0777,115,0.0545,58
03/18/2003 09:40:00,0.0392,57,0.0586,94,0.0492,48
03/18/2003 09:45:00,0.0509,71,0.0663,96,0.0621,57
03/18/2003 09:50:00,0.0537,76,0.0604,85,0.0505,57
03/18/2003 09:55:00,0.0489,68,0.0621,98,0.052,50
03/18/2003 10:00:00,0.0497,70,0.0642,94,0.0551,50
03/18/2003 10:05:00,0.0379,53,0.0568,90,0.0482,55
03/18/2003 10:10:00,0.0454,64,0.0537,81,0.0625,59
03/18/2003 10:15:00,0.0457,65,0.0632,91,0.0438,51
03/18/2003 10:20:00,0.0599,86,0.0646,89,0.0545,58
03/18/2003 10:25:00,0.0469,66,0.0561,88,0.0499,54
03/18/2003 10:30:00,0.0474,71,0.0636,100,0.0567,66
03/18/2003 10:35:00,0.0515,72,0.0655,85,0.051,51
03/18/2003 10:40:00,0.0728,101,0.0637,92,0.047,54
03/18/2003 10:45:00,0.0417,62,0.0612,94,0.0639,60
03/18/2003 10:50:00,0.0467,68,0.0592,80,0.0634,58
03/18/2003 10:55:00,0.0481,69,0.0587,95,0.0553,63
03/18/2003 11:00:00,0.0492,66,0.0698,102,0.0433,56
03/18/2003 11:05:00,0.0427,59,0.0611,90,0.0563,65
03/18/2003 11:10:00,0.0443,62,0.06,83,0.0423,49
03/18/2003 11:15:00,0.0474,66,0.0689,106,0.0518,55
03/18/2003 11:20:00,0.0556,74,0.0582,92,0.0483,60
03/18/2003 11:25:00,0.0581,81,0.0668,106,0.0699,76
03/18/2003 11:30:00,0.0587,81,0.0754,113,0.0586,63
03/18/2003 11:35:00,0.0483,70,0.0619,97,0.0566,59
03/18/2003 11:40:00,0.0634,88,0.0698,105,0.0799,77
03/18/2003 11:45:00,0.0531,73,0.0595,83,0.0462,54
03/18/2003 11:50:00,0.0563,79,0.0746,107,0.0761,71
03/18/2003 11:55:00,0.0476,70,0.0678,85,0.0686,73
03/18/2003 12:00:00,0.0533,76,0.0652,98,0.0525,60
03/18/2003 12:05:00,0.0637,89,0.0719,105,0.0555,57
03/18/2003 12:10:00,0.0637,87,0.0768,98,0.0617,76
03/18/2003 12:15:00,0.0631,85,0.0696,95,0.0679,67
03/18/2003 12:20:00,0.0572,81,0.0754,108,0.0716,73
03/18/2003 12:25:00,0.0583,83,0.0612,87,0.0658,63
03/18/2003 12:30:00,0.0858,112,0.076,106,0.0497,78
03/18/2003 12:35:00,0.0679,95,0.0821,102,0.0707,66
03/18/2003 12:40:00,0.0587,81,0.0709,103,0.073,70
03/18/2003 12:45:00,0.0591,85,0.0794,109,0.0709,61
03/18/2003 12:50:00,0.0605,88,0.073,109,0.0677,66
03/18/2003 12:55:00,0.051,74,0.0734,105,0.0685,66
03/18/2003 13:00:00,0.049,70,0.0659,98,0.0744,78
03/18/2003 13:05:00,0.0792,109,0.0824,117,0.0801,89
03/18/2003 13:10:00,0.0469,66,0.0702,108,0.0634,66
03/18/2003 13:15:00,0.0694,96,0.0763,112,0.0702,71
03/18/2003 13:20:00,0.0585,87,0.0792,116,0.0662,71
03/18/2003 13:25:00,0.0642,90,0.0749,104,0.0578,68
03/18/2003 13:30:00,0.0595,86,0.0607,92,0.0537,62
03/18/2003 13:35:00,0.0698,95,0.0715,110,0.0645,68
03/18/2003 13:40:00,0.0755,107,0.0707,101,0.0731,83
03/18/2003 13:45:00,0.0707,100,0.0821,127,0.075,84
03/18/2003 13:50:00,0.0741,104,0.0756,103,0.0561,67
03/18/2003 13:55:00,0.065,88,0.0671,89,0.0702,67
03/18/2003 14:00:00,0.0509,74,0.0585,89,0.0418,53
03/18/2003 14:05:00,0.081,109,0.0805,121,0.0747,81
03/18/2003 14:10:00,0.0975,130,0.0925,126,0.0841,82
03/18/2003 14:15:00,0.0901,123,0.0923,124,0.0806,90
03/18/2003 14:20:00,0.0893,126,0.0883,132,0.0772,88
03/18/2003 14:25:00,0.0771,107,0.0779,112,0.0651,72
03/18/2003 14:30:00,0.0823,116,0.0776,113,0.0608,71
03/18/2003 14:35:00,0.0862,120,0.0838,127,0.0685,71
03/18/2003 14:40:00,0.1071,142,0.103,138,0.0859,76
03/18/2003 14:45:00,0.1011,139,0.0793,130,0.0648,71
03/18/2003 14:50:00,0.1065,142,0.0844,120,0.0702,85
03/18/2003 14:55:00,0.1091,147,0.0948,134,0.0775,85
03/18/2003 15:00:00,0.0857,114,0.0859,116,0.065,70
03/18/2003 15:05:00,0.1178,160,0.0969,128,0.0816,88
03/18/2003 15:10:00,0.1357,171,0.1073,146,0.0675,87
03/18/2003 15:15:00,0.1176,154,0.0968,135,0.0754,90
03/18/2003 15:20:00,0.1163,155,0.0996,150,0.0915,97
03/18/2003 15:25:00,0.1029,138,0.0889,133,0.0868,98
03/18/2003 15:30:00,0.1359,179,0.0995,143,0.0772,105
03/18/2003 15:35:00,0.1629,199,0.1231,174,0.0818,96
03/18/2003 15:40:00,0.1638,184,0.1286,160,0.0989,111
03/18/2003 15:45:00,0.2351,166,0.1742,133,0.1468,130
03/18/2003 15:50:00,0.2153,160,0.1956,157,0.1626,132
03/18/2003 15:55:00,0.2411,156,0.2054,145,0.1767,121
03/18/2003 16:00:00,0.2187,163,0.2019,154,0.1436,122
03/18/2003 16:05:00,0.2741,159,0.2006,133,0.2023,128
03/18/2003 16:10:00,0.2693,163,0.2359,147,0.2017,142
03/18/2003 16:15:00,0.2619,155,0.2212,134,0.2152,119
03/18/2003 16:20:00,0.3059,145,0.2377,134,0.2044,118
03/18/2003 16:25:00,0.3368,144,0.2755,131,0.274,101
03/18/2003 16:30:00,0.2831,155,0.1929,136,0.1857,117
03/18/2003 16:35:00,0.3204,149,0.295,126,0.2545,99
03/18/2003 16:40:00,0.325,152,0.2585,143,0.1962,116
03/18/2003 16:45:00,0.2947,142,0.2487,126,0.264,101
03/18/2003 16:50:00,0.2968,144,0.2579,129,0.2643,112
03/18/2003 16:55:00,0.2617,150,0.2289,131,0.1982,129
03/18/2003 17:00:00,0.3047,143,0.2579,130,0.2449,106
03/18/2003 17:05:00,0.2962,141,0.2569,122,0.2233,110
03/18/2003 17:10:00,0.326,132,0.3468,115,0.2794,81
03/18/2003 17:15:00,0.3237,137,0.3031,117,0.2776,95
03/18/2003 17:20:00,0.314,148,0.278,125,0.224,105
03/18/2003 17:25:00,0.2939,140,0.2525,133,0.2817,115
03/18/2003 17:30:00,0.2608,146,0.2249,134,0.2104,120
03/18/2003 17:35:00,0.262,151,0.2211,137,0.17,112
03/18/2003 17:40:00,0.2109,132,0.1891,127,0.1232,83
03/18/2003 17:45:00,0.2731,145,0.1964,123,0.1532,98
03/18/2003 17:50:00,0.1956,135,0.1718,121,0.1371,90
03/18/2003 17:55:00,0.0939,124,0.0835,113,0.064,77
03/18/2003 18:00:00,0.0881,114,0.074,110,0.0528,64
03/18/2003 18:05:00,0.0944,127,0.0854,118,0.0605,67
03/18/2003 18:10:00,0.1045,139,0.0808,110,0.0719,88
03/18/2003 18:15:00,0.0771,104,0.0632,104,0.065,79
03/18/2003 18:20:00,0.0847,118,0.0701,102,0.0527,61
03/18/2003 18:25:00,0.1071,142,0.0825,115,0.0684,76
03/18/2003 18:30:00,0.0881,119,0.0729,112,0.0613,75
03/18/2003 18:35:00,0.0693,97,0.0796,124,0.0609,73
03/18/2003 18:40:00,0.0833,117,0.0766,109,0.0515,55
03/18/2003 18:45:00,0.0753,106,0.0705,109,0.0465,55
03/18/2003 18:50:00,0.0818,110,0.0667,99,0.0635,79
03/18/2003 18:55:00,0.0717,100,0.0613,95,0.0537,69
03/18/2003 19:00:00,0.0728,100,0.0749,101,0.0467,54
03/18/2003 19:05:00,0.0574,80,0.0568,89,0.042,58
03/18/2003 19:10:00,0.0618,83,0.0619,91,0.0403,56
03/18/2003 19:15:00,0.0502,69,0.0608,94,0.0499,60
03/18/2003 19:20:00,0.0509,75,0.0563,89,0.0365,50
03/18/2003 19:25:00,0.0472,67,0.0501,78,0.0421,55
03/18/2003 19:30:00,0.0573,79,0.0588,91,0.037,51
03/18/2003 19:35:00,0.0341,50,0.0452,67,0.0403,43
03/18/2003 19:40:00,0.044,60,0.0612,83,0.043,52
03/18/2003 19:45:00,0.0517,73,0.0473,77,0.0559,55
03/18/2003 19:50:00,0.0383,54,0.0383,61,0.044,52
03/18/2003 19:55:00,0.0283,37,0.0401,63,0.0389,44
03/18/2003 20:00:00,0.035,50,0.0437,74,0.0588,63
03/18/2003 20:05:00,0.0392,57,0.0423,70,0.0445,53
03/18/2003 20:10:00,0.0381,53,0.0434,66,0.0428,43
03/18/2003 20:15:00,0.0388,54,0.0481,74,0.037,47
03/18/2003 20:20:00,0.0271,40,0.0464,75,0.0364,45
03/18/2003 20:25:00,0.0249,39,0.039,66,0.0398,44
03/18/2003 20:30:00,0.0323,47,0.044,73,0.0317,43
03/18/2003 20:35:00,0.0341,47,0.0432,68,0.0421,49
03/18/2003 20:40:00,0.0317,47,0.0381,65,0.0353,40
03/18/2003 20:45:00,0.0384,55,0.0365,62,0.0476,44
03/18/2003 20:50:00,0.0305,46,0.0463,74,0.0437,45
03/18/2003 20:55:00,0.0236,33,0.0401,67,0.0344,44
03/18/2003 21:00:00,0.0355,49,0.0558,84,0.0401,53
03/18/2003 21:05:00,0.0458,64,0.0606,98,0.0338,42
03/18/2003 21:10:00,0.0561,80,0.0662,107,0.0492,62
03/18/2003 21:15:00,0.0756,106,0.0781,117,0.0459,57
03/18/2003 21:20:00,0.0812,108,0.0826,129,0.0466,64
03/18/2003 21:25:00,0.0861,119,0.0762,106,0.0515,57
03/18/2003 21:30:00,0.0664,91,0.0862,127,0.0545,67
03/18/2003 21:35:00,0.0813,105,0.0804,114,0.0464,61
03/18/2003 21:40:00,0.0462,63,0.0655,103,0.04,52
03/18/2003 21:45:00,0.0445,61,0.0518,84,0.0413,59
03/18/2003 21:50:00,0.0399,58,0.0523,84,0.0377,52
03/18/2003 21:55:00,0.038,54,0.0546,79,0.0363,50
03/18/2003 22:00:00,0.0373,51,0.0492,77,0.0445,52
03/18/2003 22:05:00,0.0282,40,0.043,70,0.0382,53
03/18/2003 22:10:00,0.0231,32,0.0361,59,0.0279,40
03/18/2003 22:15:00,0.0188,29,0.0338,59,0.0251,31
03/18/2003 22:20:00,0.018,29,0.0328,54,0.0309,42
03/18/2003 22:25:00,0.0177,27,0.0338,50,0.0316,44
03/18/2003 22:30:00,0.0221,31,0.0311,52,0.0277,31
03/18/2003 22:35:00,0.0194,29,0.0275,49,0.0281,35
03/18/2003 22:40:00,0.0191,30,0.0317,47,0.0447,42
03/18/2003 22:45:00,0.0207,29,0.0249,44,0.0241,38
03/18/2003 22:50:00,0.0128,20,0.0255,40,0.0257,30
03/18/2003 22:55:00,0.0153,22,0.0252,41,0.0186,26
03/18/2003 23:00:00,0.0148,22,0.0239,39,0.0205,31
03/18/2003 23:05:00,0.0198,28,0.0316,51,0.0218,32
03/18/2003 23:10:00,0.0176,23,0.0309,45,0.0243,25
03/18/2003 23:15:00,0.0123,17,0.0256,40,0.0186,16
03/18/2003 23:20:00,0.0171,25,0.02,34,0.0161,20
03/18/2003 23:25:00,0.0099,14,0.0187,28,0.0251,22
03/18/2003 23:30:00,0.0107,17,0.0234,39,0.0227,28
03/18/2003 23:35:00,0.0099,14,0.0266,42,0.0211,20
03/18/2003 23:40:00,0.0099,15,0.0224,37,0.0162,23
03/18/2003 23:45:00,0.0149,21,0.0203,31,0.0176,21
03/18/2003 23:50:00,0.014,19,0.0225,32,0.0233,28
03/18/2003 23:55:00,0.0041,7,0.0179,30,0.0246,26
03/19/2003 00:00:00,0.0069,10,0.0186,26,0.0159,17
03/19/2003 00:05:00,0.0091,15,0.0204,29,0.021,17
03/19/2003 00:10:00,0.01,14,0.0175,30,0.018,22
03/19/2003 00:15:00,0.0098,14,0.0204,31,0.032,24
03/19/2003 00:20:00,0.0054,7,0.0095,16,0.0095,14
03/19/2003 00:25:00,0.0039,6,0.0161,28,0.0103,15
03/19/2003 00:30:00,0.0056,8,0.008,13,0.01,10
03/19/2003 00:35:00,0.0048,7,0.01,17,0.0129,15
03/19/2003 00:40:00,0.0031,5,0.0095,16,0.0136,15
03/19/2003 00:45:00,0.0013,2,0.0174,26,0.0145,11
03/19/2003 00:50:00,0.0019,3,0.0102,17,0.0165,14
03/19/2003 00:55:00,0.002,3,0.0089,15,0.0086,12
03/19/2003 01:00:00,0.0061,10,0.0102,18,0.015,14
03/19/2003 01:05:00,0.0041,7,0.0113,15,0.0089,9
03/19/2003 01:10:00,0.0017,3,0.0092,16,0.0072,5
03/19/2003 01:15:00,0.0029,5,0.0105,16,0.0118,12
03/19/2003 01:20:00,0.0026,4,0.0073,12,0.0086,8
03/19/2003 01:25:00,0.0042,6,0.0057,10,0.0097,13
03/19/2003 01:30:00,0.0039,6,0.0064,10,0.0121,8
03/19/2003 01:35:00,0.0009,1,0.0068,11,0.0138,14
03/19/2003 01:40:00,0.0023,3,0.0084,14,0.0172,12
03/19/2003 01:45:00,0.0022,3,0.0072,12,0.0126,10
03/19/2003 01:50:00,0.003,4,0.005,9,0.0092,12
03/19/2003 01:55:00,0.0028,4,0.0074,13,0.0117,11
03/19/2003 02:00:00,0.003,4,0.0086,11,0.0164,14
03/19/2003 02:05:00,0.0019,3,0.0062,7,0.0141,14
03/19/2003 02:10:00,0.0012,2,0.0059,10,0.013,11
03/19/2003 02:15:00,0.0012,2,0.0065,11,0.0128,11
03/19/2003 02:20:00,0.0027,4,0.009,16,0.0116,8
03/19/2003 02:25:00,0.0021,3,0.0126,20,0.0107,10
03/19/2003 02:30:00,0.0026,3,0.0071,9,0.0096,7
03/19/2003 02:35:00,0.0012,2,0.0092,16,0.0122,8
03/19/2003 02:40:00,0.0007,1,0.0079,14,0.0127,8
03/19/2003 02:45:00,0.0006,1,0.0065,11,0.0128,11
03/19/2003 02:50:00,0.003,4,0.0046,7,0.0073,6
03/19/2003 02:55:00,0.0019,3,0.0033,6,0.0144,11
03/19/2003 03:00:00,0.0009,1,0.0052,9,0.0131,7
03/19/2003 03:05:00,0.0026,3,0.0032,5,0.0047,5
03/19/2003 03:10:00,0.0006,1,0.004,7,0.0155,10
03/19/2003 03:15:00,0,0,0.0082,12,0.0102,7
03/19/2003 03:20:00,0.0007,1,0.0043,8,0.013,7
03/19/2003 03:25:00,0.0038,5,0.0084,10,0.0167,9
03/19/2003 03:30:00,0.0007,1,0.005,8,0.0115,8
03/19/2003 03:35:00,0.0028,3,0.0084,12,0.0115,7
03/19/2003 03:40:00,0.001,1,0.0059,9,0.0115,11
03/19/2003 03:45:00,0.002,3,0.008,13,0.0153,8
03/19/2003 03:50:00,0.0018,3,0.008,12,0.0164,9
03/19/2003 03:55:00,0.001,1,0.004,7,0.0159,11
03/19/2003 04:00:00,0.0013,2,0.0037,5,0.0079,7
03/19/2003 04:05:00,0.0019,3,0.0103,12,0.0135,11
03/19/2003 04:10:00,0.003,4,0.006,10,0.0116,7
03/19/2003 04:15:00,0.0034,4,0.0065,9,0.0154,11
03/19/2003 04:20:00,0.001,1,0.0093,14,0.0079,6
03/19/2003 04:25:00,0.0022,3,0.0075,12,0.0172,10
03/19/2003 04:30:00,0.0029,4,0.0131,17,0.0207,15
03/19/2003 04:35:00,0.0056,8,0.0166,23,0.0126,10
03/19/2003 04:40:00,0.0032,5,0.0098,14,0.0219,17
03/19/2003 04:45:00,0.0058,9,0.0178,24,0.0238,23
03/19/2003 04:50:00,0.0019,3,0.0122,18,0.022,17
03/19/2003 04:55:00,0.0036,5,0.0165,19,0.0163,9
03/19/2003 05:00:00,0.0056,7,0.015,20,0.0286,19
03/19/2003 05:05:00,0.005,7,0.0149,22,0.0202,15
03/19/2003 05:10:00,0.0059,9,0.0162,26,0.0218,19
03/19/2003 05:15:00,0.0099,13,0.0271,39,0.0261,19
03/19/2003 05:20:00,0.0098,14,0.0289,37,0.0213,24
03/19/2003 05:25:00,0.011,16,0.0199,33,0.0241,26
03/19/2003 05:30:00,0.0162,23,0.0192,33,0.0268,31
03/19/2003 05:35:00,0.0188,27,0.0369,57,0.0385,31
03/19/2003 05:40:00,0.0191,26,0.0338,52,0.0336,29
03/19/2003 05:45:00,0.0262,36,0.0417,62,0.0336,29
03/19/2003 05:50:00,0.0353,48,0.0372,58,0.0472,36
03/19/2003 05:55:00,0.0238,31,0.033,56,0.0323,34
03/19/2003 06:00:00,0.032,42,0.0418,61,0.0433,33
03/19/2003 06:05:00,0.0369,50,0.0453,61,0.0382,31
03/19/2003 06:10:00,0.0318,46,0.0408,66,0.0367,38
03/19/2003 06:15:00,0.0372,54,0.0503,78,0.0388,35
03/19/2003 06:20:00,0.0621,86,0.0563,91,0.0578,49
03/19/2003 06:25:00,0.0566,81,0.0604,94,0.0414,39
03/19/2003 06:30:00,0.0551,76,0.0556,92,0.0385,45
03/19/2003 06:35:00,0.0867,122,0.0641,101,0.0545,46
03/19/2003 06:40:00,0.0839,116,0.0715,112,0.043,42
03/19/2003 06:45:00,0.0737,103,0.0651,98,0.0498,59
03/19/2003 06:50:00,0.0696,101,0.0632,101,0.0392,48
03/19/2003 06:55:00,0.0628,87,0.0594,94,0.0569,48
03/19/2003 07:00:00,0.0713,103,0.0672,104,0.0487,56
03/19/2003 07:05:00,0.0718,104,0.067,97,0.0611,58
03/19/2003 07:10:00,0.1093,150,0.0857,129,0.0624,74
03/19/2003 07:15:00,0.1116,151,0.0865,131,0.0698,66
03/19/2003 07:20:00,0.0969,137,0.0793,127,0.0457,46
03/19/2003 07:25:00,0.113,163,0.0897,144,0.0582,74
03/19/2003 07:30:00,0.1212,169,0.0921,139,0.0706,80
03/19/2003 07:35:00,0.1249,177,0.0928,149,0.0736,77
03/19/2003 07:40:00,0.1399,192,0.0962,150,0.0709,83
03/19/2003 07:45:00,0.1253,172,0.092,137,0.0626,80
03/19/2003 07:50:00,0.1036,144,0.0774,118,0.0564,66
03/19/2003 07:55:00,0.0925,131,0.0773,124,0.0728,67
03/19/2003 08:00:00,0.065,95,0.0703,111,0.0559,60
03/19/2003 08:05:00,0.081,113,0.0714,105,0.0529,65
03/19/2003 08:10:00,0.0783,112,0.0696,110,0.0519,55
03/19/2003 08:15:00,0.0874,121,0.0778,108,0.0505,50
03/19/2003 08:20:00,0.068,100,0.072,114,0.0504,51
03/19/2003 08:25:00,0.0832,120,0.0712,108,0.057,51
03/19/2003 08:30:00,0.0675,99,0.0637,99,0.0588,54
03/19/2003 08:35:00,0.091,129,0.0767,112,0.0605,63
03/19/2003 08:40:00,0.0783,111,0.0635,89,0.0469,54
03/19/2003 08:45:00,0.0728,102,0.0797,116,0.0532,64
03/19/2003 08:50:00,0.0703,100,0.0623,99,0.081,69
03/19/2003 08:55:00,0.067,98,0.0629,99,0.0751,67
03/19/2003 09:00:00,0.0502,74,0.0651,96,0.0438,53
03/19/2003 09:05:00,0.0644,91,0.0673,96,0.066,58
03/19/2003 09:10:00,0.0557,79,0.0609,96,0.0475,52
03/19/2003 09:15:00,0.0552,79,0.0694,95,0.0577,64
03/19/2003 09:20:00,0.0479,70,0.0571,88,0.051,51
03/19/2003 09:25:00,0.0504,76,0.0597,93,0.0641,66
03/19/2003 09:30:00,0.055,81,0.068,103,0.0615,61
03/19/2003 09:35:00,0.0603,84,0.0692,109,0.0563,60
03/19/2003 09:40:00,0.0505,70,0.0559,88,0.0522,55
03/19/2003 09:45:00,0.076,106,0.0709,105,0.0602,64
03/19/2003 09:50:00,0.0449,65,0.0616,87,0.0437,48
03/19/2003 09:55:00,0.0447,61,0.0684,101,0.0529,50
03/19/2003 10:00:00,0.0423,60,0.0488,79,0.0502,53
03/19/2003 10:05:00,0.0506,73,0.0581,87,0.0451,51
03/19/2003 10:10:00,0.0428,62,0.0516,81,0.0525,50
03/19/2003 10:15:00,0.0603,85,0.0738,101,0.0602,58
03/19/2003 10:20:00,0.058,81,0.0581,92,0.0498,51
03/19/2003 10:25:00,0.0493,71,0.0614,91,0.0522,60
03/19/2003 10:30:00,0.0479,66,0.0598,90,0.0546,52
03/19/2003 10:35:00,0.06,87,0.0764,103,0.049,47
03/19/2003 10:40:00,0.0618,86,0.077,120,0.0612,59
03/19/2003 10:45:00,0.054,75,0.0611,98,0.0534,49
03/19/2003 10:50:00,0.0653,88,0.0637,98,0.0688,65
03/19/2003 10:55:00,0.048,66,0.0606,90,0.0585,52
03/19/2003 11:00:00,0.0522,73,0.0708,105,0.0571,59
03/19/2003 11:05:00,0.0575,84,0.0683,96,0.0633,60
03/19/2003 11:10:00,0.0497,72,0.0594,97,0.054,68
03/19/2003 11:15:00,0.0682,96,0.0713,100,0.0556,62
03/19/2003 11:20:00,0.0551,76,0.0674,107,0.0574,68
03/19/2003 11:25:00,0.0479,67,0.0642,93,0.0613,65
03/19/2003 11:30:00,0.0593,81,0.0638,96,0.0533,51
03/19/2003 11:35:00,0.0564,79,0.0729,107,0.0617,62
03/19/2003 11:40:00,0.071,102,0.0839,123,0.0665,63
03/19/2003 11:45:00,0.0575,77,0.0714,101,0.0574,60
03/19/2003 11:50:00,0.0617,85,0.0644,101,0.0613,66
03/19/2003 11:55:00,0.0568,81,0.0608,95,0.0574,66
03/19/2003 12:00:00,0.0483,71,0.061,93,0.0509,59
03/19/2003 12:05:00,0.0593,84,0.0682,107,0.0707,64
03/19/2003 12:10:00,0.062,86,0.0733,112,0.0515,55
03/19/2003 12:15:00,0.0694,101,0.0753,110,0.0562,61
03/19/2003 12:20:00,0.0541,76,0.0776,104,0.0678,64
03/19/2003 12:25:00,0.0681,94,0.076,116,0.0609,59
03/19/2003 12:30:00,0.0658,88,0.0732,94,0.0628,69
03/19/2003 12:35:00,0.0613,85,0.0712,106,0.0606,68
03/19/2003 12:40:00,0.0736,101,0.0729,108,0.0643,71
03/19/2003 12:45:00,0.0738,103,0.0833,125,0.073,72
03/19/2003 12:50:00,0.0893,122,0.0875,104,0.0706,75
03/19/2003 12:55:00,0.059,83,0.057,88,0.0511,59
03/19/2003 13:00:00,0.0657,95,0.0746,110,0.0619,71
03/19/2003 13:05:00,0.0634,90,0.0771,116,0.0575,58
03/19/2003 13:10:00,0.0692,98,0.0813,112,0.0727,78
03/19/2003 13:15:00,0.0698,100,0.0708,104,0.058,74
03/19/2003 13:20:00,0.0597,87,0.0752,112,0.0644,69
03/19/2003 13:25:00,0.0558,80,0.0655,98,0.0564,67
03/19/2003 13:30:00,0.0791,110,0.0863,123,0.0661,69
03/19/2003 13:35:00,0.0725,100,0.0787,112,0.0607,65
03/19/2003 13:40:00,0.1028,140,0.0869,129,0.0721,86
03/19/2003 13:45:00,0.0801,113,0.0833,118,0.0711,71
03/19/2003 13:50:00,0.0786,104,0.0871,126,0.0593,60
03/19/2003 13:55:00,0.0769,108,0.0721,114,0.0574,63
03/19/2003 14:00:00,0.0631,91,0.072,112,0.0595,67
03/19/2003 14:05:00,0.0672,99,0.073,102,0.0622,75
03/19/2003 14:10:00,0.0798,111,0.0876,123,0.0651,79
03/19/2003 14:15:00,0.0731,102,0.081,124,0.0696,81
03/19/2003 14:20:00,0.1145,152,0.0958,128,0.0717,75
03/19/2003 14:25:00,0.0779,109,0.0825,120,0.0492,61
03/19/2003 14:30:00,0.1141,158,0.0851,133,0.0629,74
03/19/2003 14:35:00,0.1462,141,0.0991,118,0.0764,79
03/19/2003 14:40:00,0.3275,132,0.2667,123,0.2165,86
03/19/2003 14:45:00,0.1391,165,0.1058,135,0.0765,82
03/19/2003 14:50:00,0.1274,162,0.0873,127,0.0657,84
03/19/2003 14:55:00,0.111,153,0.0856,113,0.0629,82
03/19/2003 15:00:00,0.1095,148,0.0877,126,0.0609,75
03/19/2003 15:05:00,0.1193,159,0.0904,137,0.0669,69
03/19/2003 15:10:00,0.132,174,0.0986,147,0.0794,91
03/19/2003 15:15:00,0.1356,180,0.1027,138,0.0728,87
03/19/2003 15:20:00,0.147,189,0.1011,139,0.0711,92
03/19/2003 15:25:00,0.1211,163,0.0937,136,0.0768,94
03/19/2003 15:30:00,0.1376,181,0.1097,142,0.0794,81
03/19/2003 15:35:00,0.1663,197,0.1145,152,0.0844,107
03/19/2003 15:40:00,0.2692,171,0.1841,138,0.1391,103
03/19/2003 15:45:00,0.2606,149,0.2516,132,0.1702,109
03/19/2003 15:50:00,0.2457,173,0.2146,160,0.1678,126
03/19/2003 15:55:00,0.211,169,0.1678,145,0.1543,128
03/19/2003 16:00:00,0.1354,151,0.1081,125,0.0946,99
03/19/2003 16:05:00,0.1122,140,0.0964,133,0.0724,91
03/19/2003 16:10:00,0.1232,151,0.1016,138,0.0712,91
03/19/2003 16:15:00,0.1237,152,0.0993,132,0.0799,96
03/19/2003 16:20:00,0.1289,155,0.1027,125,0.086,106
03/19/2003 16:25:00,0.1318,157,0.105,136,0.0791,96
03/19/2003 16:30:00,0.1353,160,0.1017,137,0.0871,90
03/19/2003 16:35:00,0.1293,157,0.1122,139,0.077,88
03/19/2003 16:40:00,0.1417,169,0.1207,155,0.0931,105
03/19/2003 16:45:00,0.1607,167,0.1394,155,0.1017,121
03/19/2003 16:50:00,0.309,142,0.2913,129,0.2819,101
03/19/2003 16:55:00,0.3212,147,0.2684,133,0.2373,114
03/19/2003 17:00:00,0.2982,143,0.235,118,0.2113,98
03/19/2003 17:05:00,0.3259,141,0.2897,125,0.2714,85
03/19/2003 17:10:00,0.3428,140,0.2973,120,0.3497,97
03/19/2003 17:15:00,0.3547,141,0.2814,124,0.2492,89
03/19/2003 17:20:00,0.3078,142,0.2506,124,0.223,105
03/19/2003 17:25:00,0.222,135,0.1772,116,0.1596,110
03/19/2003 17:30:00,0.2179,140,0.1686,129,0.1527,104
03/19/2003 17:35:00,0.1984,135,0.1833,126,0.1482,101
03/19/2003 17:40:00,0.2362,149,0.19,127,0.177,113
03/19/2003 17:45:00,0.2543,161,0.2137,149,0.2075,134
03/19/2003 17:50:00,0.2742,138,0.2323,120,0.2134,114
03/19/2003 17:55:00,0.2586,139,0.2108,128,0.2015,105
03/19/2003 18:00:00,0.154,126,0.1321,129,0.0834,87
03/19/2003 18:05:00,0.1072,131,0.0848,119,0.0651,81
03/19/2003 18:10:00,0.1126,144,0.0892,126,0.0808,93
03/19/2003 18:15:00,0.0901,116,0.0849,117,0.0609,64
03/19/2003 18:20:00,0.0775,103,0.0871,124,0.0515,64
03/19/2003 18:25:00,0.0968,122,0.074,104,0.0535,64
03/19/2003 18:30:00,0.0885,106,0.0749,99,0.0649,69
03/19/2003 18:35:00,0.0856,102,0.0721,103,0.0526,63
03/19/2003 18:40:00,0.0931,112,0.0792,100,0.0617,66
03/19/2003 18:45:00,0.0673,83,0.0572,81,0.0517,65
03/19/2003 18:50:00,0.0697,89,0.0747,95,0.0556,54
03/19/2003 18:55:00,0.0852,103,0.0651,87,0.0613,65
03/19/2003 19:00:00,0.069,84,0.0739,93,0.0612,62
03/19/2003 19:05:00,0.0635,79,0.0654,89,0.0687,69
03/19/2003 19:10:00,0.0746,94,0.0636,84,0.0562,59
03/19/2003 19:15:00,0.0581,75,0.0614,80,0.046,47
03/19/2003 19:20:00,0.0499,66,0.0589,87,0.0382,49
03/19/2003 19:25:00,0.0519,69,0.059,71,0.0361,43
03/19/2003 19:30:00,0.0483,63,0.0557,83,0.0426,49
03/19/2003 19:35:00,0.0365,45,0.0502,64,0.0408,46
03/19/2003 19:40:00,0.0484,60,0.0582,75,0.0382,44
03/19/2003 19:45:00,0.0477,61,0.0531,74,0.0345,39
03/19/2003 19:50:00,0.068,83,0.0675,86,0.0428,46
03/19/2003 19:55:00,0.0374,51,0.0555,68,0.0398,40
03/19/2003 20:00:00,0.0394,51,0.0417,64,0.0375,42
03/19/2003 20:05:00,0.0459,59,0.0539,82,0.0448,40
03/19/2003 20:10:00,0.0483,66,0.0457,73,0.0417,37
03/19/2003 20:15:00,0.0463,62,0.054,75,0.0488,49
03/19/2003 20:20:00,0.0456,60,0.051,71,0.0385,38
03/19/2003 20:25:00,0.036,47,0.048,75,0.029,37
03/19/2003 20:30:00,0.0258,38,0.0398,59,0.0342,40
03/19/2003 20:35:00,0.0419,57,0.0398,64,0.033,39
03/19/2003 20:40:00,0.0353,47,0.0445,72,0.0383,49
03/19/2003 20:45:00,0.0411,56,0.0445,70,0.0381,42
03/19/2003 20:50:00,0.0469,60,0.047,74,0.0439,43
03/19/2003 20:55:00,0.0311,41,0.0463,74,0.0369,40
03/19/2003 21:00:00,0.0336,48,0.0448,69,0.0468,46
03/19/2003 21:05:00,0.0293,40,0.0438,70,0.0325,38
03/19/2003 21:10:00,0.0241,32,0.0431,69,0.0332,42
03/19/2003 21:15:00,0.0396,53,0.045,67,0.0337,44
03/19/2003 21:20:00,0.0269,38,0.0445,70,0.0361,48
03/19/2003 21:25:00,0.0397,54,0.0373,59,0.0311,45
03/19/2003 21:30:00,0.0186,28,0.0344,57,0.0329,41
03/19/2003 21:35:00,0.0379,51,0.0393,57,0.0311,35
03/19/2003 21:40:00,0.0157,23,0.0371,62,0.0266,32
03/19/2003 21:45:00,0.0213,29,0.0347,56,0.0227,28
03/19/2003 21:50:00,0.0204,29,0.0353,54,0.0324,34
03/19/2003 21:55:00,0.0382,53,0.0432,66,0.0284,41
03/19/2003 22:00:00,0.0251,34,0.0337,52,0.0297,37
03/19/2003 22:05:00,0.0236,34,0.0342,53,0.0302,39
03/19/2003 22:10:00,0.022,31,0.0331,56,0.0334,39
03/19/2003 22:15:00,0.0198,29,0.0265,46,0.0297,37
03/19/2003 22:20:00,0.0211,30,0.0342,56,0.0326,35
03/19/2003 22:25:00,0.0128,19,0.0272,41,0.0215,23
03/19/2003 22:30:00,0.0194,28,0.029,42,0.0178,17
03/19/2003 22:35:00,0.0191,27,0.0286,50,0.0257,32
03/19/2003 22:40:00,0.0207,29,0.0338,52,0.0271,29
03/19/2003 22:45:00,0.0223,30,0.0287,48,0.0263,23
03/19/2003 22:50:00,0.0128,20,0.032,44,0.0171,23
03/19/2003 22:55:00,0.0097,13,0.0225,37,0.0194,23
03/19/2003 23:00:00,0.0211,28,0.025,40,0.0291,25
03/19/2003 23:05:00,0.0192,26,0.0319,51,0.0202,24
03/19/2003 23:10:00,0.0076,11,0.0282,37,0.0203,20
03/19/2003 23:15:00,0.0103,15,0.0204,31,0.0171,21
03/19/2003 23:20:00,0.0065,9,0.0208,34,0.0186,19
03/19/2003 23:25:00,0.0176,23,0.0211,33,0.0209,17
03/19/2003 23:30:00,0.0102,14,0.0196,30,0.0183,22
03/19/2003 23:35:00,0.0112,16,0.028,46,0.0119,18
03/19/2003 23:40:00,0.0138,20,0.021,35,0.0164,19
03/19/2003 23:45:00,0.0169,23,0.0242,37,0.0171,15
03/19/2003 23:50:00,0.0122,16,0.0164,27,0.0103,13
03/19/2003 23:55:00,0.0176,24,0.0223,35,0.0217,17
03/20/2003 00:00:00,0.0066,9,0.02,30,0.0203,18
03/20/2003 00:05:00,0.011,15,0.0163,27,0.0116,16
03/20/2003 00:10:00,0.0086,12,0.0218,36,0.0129,15
03/20/2003 00:15:00,0.0097,13,0.0176,29,0.0267,25
03/20/2003 00:20:00,0.0144,20,0.0185,30,0.0118,14
03/20/2003 00:25:00,0.0055,8,0.0234,32,0.0106,12
03/20/2003 00:30:00,0.0057,9,0.0159,25,0.0199,18
03/20/2003 00:35:00,0.0028,4,0.0105,17,0.0059,9
03/20/2003 00:40:00,0.0104,14,0.0275,40,0.0234,18
03/20/2003 00:45:00,0.0083,11,0.0135,20,0.0206,13
03/20/2003 00:50:00,0.0052,8,0.0092,12,0.0063,8
03/20/2003 00:55:00,0.0067,9,0.0064,11,0.0105,12
